-----------
-- Types --
-----------
INSERT INTO Types
(Type,									Kind)
VALUES
('ABILITY_NAVAL_BOMBARD',				'KIND_ABILITY'),
('ABILITY_MARINE',						'KIND_ABILITY'),
('ABILITY_ATTACK_SUB_RAIDER',			'KIND_ABILITY'),
('ABILITY_ATTACK_SUB_SURFACE_WARSHIP',	'KIND_ABILITY'),
('ABILITY_LK_AUTOMATIC_GUN_ANTICAV',	'KIND_ABILITY'),
('ABILITY_LK_AUTOMATIC_GUN_MELEE',		'KIND_ABILITY'),
('ABILITY_PIKE_AND_SHOT_H_CAV',			'KIND_ABILITY'),
('ABILITY_PIKE_AND_SHOT_L_CAV',			'KIND_ABILITY'),
('ABILITY_PIKE_AND_SHOT_R_CAV',		 	'KIND_ABILITY');

--------------------------------
-- RequirementSetRequirements --
--------------------------------
INSERT INTO RequirementSetRequirements
(RequirementSetId,						RequirementId)
VALUES	
('BOMBARD_OPPONENT_REQUIREMENT',		'OPPONENT_IS_LAND_UNIT'),
('BOMBARD_OPPONENT_REQUIREMENT',		'PLAYER_IS_ATTACKER_REQUIREMENTS'),
('MARINE_PLOT_IS_COAST_REQUIREMENT',	'REQUIRES_UNIT_ON_COASTAL_LAND'),
('OPPONENT_IS_RAIDER_REQUIREMENT',		'PLAYER_IS_ATTACKER_REQUIREMENTS'),
('OPPONENT_IS_RAIDER_REQUIREMENT',		'OPPONENT_IS_RAIDER'),
('OPPONENT_IS_SURFACE_REQUIREMENT',		'PLAYER_IS_ATTACKER_REQUIREMENTS'),
('OPPONENT_IS_SURFACE_REQUIREMENT',		'OPPONENT_IS_SURFACE_UNIT'),
('ATTACK_SUB_OPPONENT_REQUIREMENTS',	'OPPONENT_NAVAL_MELEE_REQUIREMENT'),
('ATTACK_SUB_OPPONENT_REQUIREMENTS',	'OPPONENT_NAVAL_RANGED_REQUIREMENT'),
('ATTACK_SUB_OPPONENT_REQUIREMENTS',	'OPPONENT_NAVAL_BOMBARD_REQUIREMENT'),
('ATTACK_SUB_OPPONENT_REQUIREMENTS',	'OPPONENT_NAVAL_CARRIER_REQUIREMENT'),
('REQSET_LK_AUTOMATIC_GUN_ADJ_ANTICAV',	'REQ_LK_AUTOMATIC_GUN_ADJACENT'),
('REQSET_LK_AUTOMATIC_GUN_ADJ_ANTICAV',	'REQ_LK_AUTOMATIC_GUN_DEFENDING'),
('REQSET_LK_AUTOMATIC_GUN_ADJ_MELEE',	'REQ_LK_AUTOMATIC_GUN_ADJACENT'),
('PIKE_AND_SHOT_H_CAV_REQUIREMENTS',	'REQ_UNIT_IS_PIKE_AND_SHOT_ADJACENT'),
('PIKE_AND_SHOT_H_CAV_REQUIREMENTS',	'PLAYER_IS_DEFENDER_REQUIREMENTS'),
('PIKE_AND_SHOT_H_CAV_REQUIREMENTS',	'ANTI_CAVALRY_OPPONENT_REQUIREMENT_HC'),
('PIKE_AND_SHOT_L_CAV_REQUIREMENTS',	'REQ_UNIT_IS_PIKE_AND_SHOT_ADJACENT'),
('PIKE_AND_SHOT_L_CAV_REQUIREMENTS',	'PLAYER_IS_DEFENDER_REQUIREMENTS'),
('PIKE_AND_SHOT_L_CAV_REQUIREMENTS',	'ANTI_CAVALRY_OPPONENT_REQUIREMENT_LC'),
('PIKE_AND_SHOT_R_CAV_REQUIREMENTS',	'REQ_UNIT_IS_PIKE_AND_SHOT_ADJACENT'),
('PIKE_AND_SHOT_R_CAV_REQUIREMENTS',	'PLAYER_IS_DEFENDER_REQUIREMENTS'),
('PIKE_AND_SHOT_R_CAV_REQUIREMENTS',	'ANTI_CAVALRY_OPPONENT_REQUIREMENT_RC'),
('BARRACKS_UNIT_REQUIREMENTS',			'REQUIREMENT_UNIT_IS_FIRE_SUPPORT'),
('BARRACKS_UNIT_REQUIREMENTS',			'REQUIREMENT_UNIT_IS_MARINE'),
('STABLE_UNIT_REQUIREMENTS',			'REQUIREMENT_UNIT_IS_RANGED_CAVALRY'),
('BATTLECRY_OPPONENT_REQUIREMENTS',		'OPPONENT_IS_PROMOTION_CLASS_FIRE_SUPPORT'),
('BATTLECRY_OPPONENT_REQUIREMENTS',		'OPPONENT_IS_PROMOTION_CLASS_MARINE'),
('COURSERS_OPPONENT_REQUIREMENTS',		'OPPONENT_IS_PROMOTION_CLASS_FIRE_SUPPORT'),
('ECHELON_REQUIREMENTS',				'ANTI_CAVALRY_OPPONENT_REQUIREMENT_RC');

---------------------
-- RequirementSets --
---------------------
INSERT INTO RequirementSets
(RequirementSetId,						RequirementSetType)
VALUES
('BOMBARD_OPPONENT_REQUIREMENT',		'REQUIREMENTSET_TEST_ALL'),
('MARINE_PLOT_IS_COAST_REQUIREMENT',	'REQUIREMENTSET_TEST_ANY'),
('OPPONENT_IS_RAIDER_REQUIREMENT',		'REQUIREMENTSET_TEST_ALL'),
('OPPONENT_IS_SURFACE_REQUIREMENT',		'REQUIREMENTSET_TEST_ALL'),
('ATTACK_SUB_OPPONENT_REQUIREMENTS',	'REQUIREMENTSET_TEST_ANY'),
('REQSET_LK_AUTOMATIC_GUN_ADJ_ANTICAV',	'REQUIREMENTSET_TEST_ALL'),
('REQSET_LK_AUTOMATIC_GUN_ADJ_MELEE',	'REQUIREMENTSET_TEST_ALL'),
('PIKE_AND_SHOT_H_CAV_REQUIREMENTS',	'REQUIREMENTSET_TEST_ALL'),
('PIKE_AND_SHOT_L_CAV_REQUIREMENTS',	'REQUIREMENTSET_TEST_ALL'),
('PIKE_AND_SHOT_R_CAV_REQUIREMENTS',	'REQUIREMENTSET_TEST_ALL');

------------------
-- Requirements --
------------------
INSERT INTO Requirements
(RequirementId, 								RequirementType, 										Inverse)
VALUES	
('OPPONENT_IS_SURFACE_UNIT',					'REQUIREMENT_REQUIREMENTSET_IS_MET',					0),
('OPPONENT_NAVAL_MELEE_REQUIREMENT',			'REQUIREMENT_OPPONENT_UNIT_PROMOTION_CLASS_MATCHES',	0),
('OPPONENT_NAVAL_RANGED_REQUIREMENT',			'REQUIREMENT_OPPONENT_UNIT_PROMOTION_CLASS_MATCHES',	0),
('OPPONENT_NAVAL_BOMBARD_REQUIREMENT',			'REQUIREMENT_OPPONENT_UNIT_PROMOTION_CLASS_MATCHES',	0),
('OPPONENT_NAVAL_CARRIER_REQUIREMENT',			'REQUIREMENT_OPPONENT_UNIT_PROMOTION_CLASS_MATCHES',	0),
('REQ_LK_AUTOMATIC_GUN_ADJACENT', 				'REQUIREMENT_PLOT_ADJACENT_FRIENDLY_UNIT_TAG_MATCHES',	0),
('REQ_LK_AUTOMATIC_GUN_DEFENDING', 				'REQUIREMENT_PLAYER_IS_ATTACKING',						1),
('REQ_UNIT_IS_PIKE_AND_SHOT_ADJACENT',			'REQUIREMENT_PLOT_ADJACENT_FRIENDLY_UNIT_TAG_MATCHES',	0),
('REQUIREMENT_UNIT_IS_FIRE_SUPPORT',			'REQUIREMENT_UNIT_PROMOTION_CLASS_MATCHES',				0),
('REQUIREMENT_UNIT_IS_MARINE',					'REQUIREMENT_UNIT_PROMOTION_CLASS_MATCHES',				0),
('REQUIREMENT_UNIT_IS_RANGED_CAVALRY',			'REQUIREMENT_UNIT_PROMOTION_CLASS_MATCHES',				0),
('OPPONENT_IS_PROMOTION_CLASS_FIRE_SUPPORT',	'REQUIREMENT_OPPONENT_UNIT_PROMOTION_CLASS_MATCHES',	0),
('OPPONENT_IS_PROMOTION_CLASS_MARINE',			'REQUIREMENT_OPPONENT_UNIT_PROMOTION_CLASS_MATCHES',	0);

--------------------------
-- RequirementArguments --
--------------------------
INSERT INTO RequirementArguments
(RequirementId, 								Name,					Value)
VALUES
('OPPONENT_IS_SURFACE_UNIT', 					'RequirementSetId',		'ATTACK_SUB_OPPONENT_REQUIREMENTS'),
('OPPONENT_NAVAL_MELEE_REQUIREMENT',			'UnitPromotionClass',	'PROMOTION_CLASS_NAVAL_MELEE'),
('OPPONENT_NAVAL_RANGED_REQUIREMENT',			'UnitPromotionClass',	'PROMOTION_CLASS_NAVAL_RANGED'),
('OPPONENT_NAVAL_BOMBARD_REQUIREMENT',			'UnitPromotionClass',	'PROMOTION_CLASS_NAVAL_BOMBARD'),
('OPPONENT_NAVAL_CARRIER_REQUIREMENT',			'UnitPromotionClass',	'PROMOTION_CLASS_NAVAL_CARRIER'),
('REQ_LK_AUTOMATIC_GUN_ADJACENT', 				'Tag',					'CLASS_AUTOMATIC_GUN'),
('REQ_UNIT_IS_PIKE_AND_SHOT_ADJACENT',			'Tag',					'CLASS_PIKE'),
('REQUIREMENT_UNIT_IS_FIRE_SUPPORT',			'UnitPromotionClass',	'PROMOTION_CLASS_AUTOMATIC_GUN'),
('REQUIREMENT_UNIT_IS_MARINE',					'UnitPromotionClass',	'PROMOTION_CLASS_MARINE'),
('REQUIREMENT_UNIT_IS_RANGED_CAVALRY',			'UnitPromotionClass',	'CLASS_RANGED_CAVALRY'),
('OPPONENT_IS_PROMOTION_CLASS_FIRE_SUPPORT',	'UnitPromotionClass',	'PROMOTION_CLASS_AUTOMATIC_GUN'),
('OPPONENT_IS_PROMOTION_CLASS_MARINE',			'UnitPromotionClass',	'PROMOTION_CLASS_MARINE');

----------
-- Tags --
----------
INSERT INTO Tags	
(Tag,								Vocabulary)
VALUES
('CLASS_NAVAL_BOMBARD',				'ABILITY_CLASS'),
('CLASS_MARINE',					'ABILITY_CLASS'),
('CLASS_ATTACK_SUBMARINE',			'ABILITY_CLASS'),
('CLASS_AUTOMATIC_GUN',				'ABILITY_CLASS'),
('CLASS_LK_AUTOMATIC_GUN_CAV',		'ABILITY_CLASS'),
('CLASS_LK_AUTOMATIC_GUN_ANTICAV',	'ABILITY_CLASS'),
('CLASS_LK_AUTOMATIC_GUN_MELEE',	'ABILITY_CLASS'),
('CLASS_PIKE',						'ABILITY_CLASS'),
('CLASS_SHOT',						'ABILITY_CLASS');

--------------
-- TypeTags --
--------------	
INSERT INTO TypeTags
(Type,									Tag)
VALUES	
('ABILITY_NAVAL_BOMBARD',				'CLASS_NAVAL_BOMBARD'),
('ABILITY_BYPASS_COMBAT_UNIT',			'CLASS_NAVAL_BOMBARD'),
('ABILITY_MARINE',						'CLASS_MARINE'),
('ABILITY_ATTACK_SUB_RAIDER',			'CLASS_ATTACK_SUBMARINE'),
('ABILITY_ATTACK_SUB_SURFACE_WARSHIP',	'CLASS_ATTACK_SUBMARINE'),
('ABILITY_LK_AUTOMATIC_GUN_ANTICAV', 	'CLASS_ANTI_CAVALRY'),
('ABILITY_LK_AUTOMATIC_GUN_MELEE', 		'CLASS_MELEE'),
('ABILITY_IGNORE_TERRAIN_COST', 		'CLASS_OBSERVATION'),
('ABILITY_PIKE_AND_SHOT_H_CAV', 		'CLASS_SHOT'),
('ABILITY_PIKE_AND_SHOT_L_CAV', 		'CLASS_SHOT'),
('ABILITY_PIKE_AND_SHOT_R_CAV', 		'CLASS_SHOT');

-- Attach relevant abilities granted by buffs
INSERT INTO TypeTags
		(Type,	Tag)
SELECT	Type,	'CLASS_AUTOMATIC_GUN'
FROM	TypeTags
WHERE	Type LIKE 'ABILITY%' AND Tag = 'CLASS_RANGED';

INSERT INTO TypeTags
		(Type,	Tag)
SELECT	Type,	'CLASS_MARINE'
FROM	TypeTags
WHERE	Type LIKE 'ABILITY%' AND Tag = 'CLASS_MELEE';

INSERT INTO TypeTags
		(Type,	Tag)
SELECT	Type,	'CLASS_NAVAL_BOMBARD'
FROM	TypeTags
WHERE	Type LIKE 'ABILITY%' AND Tag = 'CLASS_NAVAL_RANGED';

-------------------
-- UnitAbilities --
-------------------
INSERT INTO UnitAbilities
(UnitAbilityType,						Name,									Description)
VALUES	
('ABILITY_NAVAL_BOMBARD',				'LOC_ABILITY_NAVAL_BOMBARD_NAME',		'LOC_ABILITY_NAVAL_BOMBARD_DESCRIPTION'),
('ABILITY_MARINE',						'LOC_ABILITY_MARINE_NAME',				'LOC_ABILITY_MARINE_DESCRIPTION'),
('ABILITY_ATTACK_SUB_RAIDER',			'LOC_ABILITY_ATTACK_SUBMARINE_NAME',	'LOC_ABILITY_ATTACK_SUBMARINE_DESCRIPTION'),
('ABILITY_ATTACK_SUB_SURFACE_WARSHIP',	'LOC_ABILITY_ATTACK_SUBMARINE_NAME',	'LOC_ABILITY_ATTACK_SUBMARINE_DESCRIPTION'),
('ABILITY_LK_AUTOMATIC_GUN_ANTICAV', 	'LOC_ABILITY_LK_AUTOMATIC_GUN_NAME', 	'LOC_ABILITY_LK_AUTOMATIC_GUN_DESCRIPTION'),
('ABILITY_LK_AUTOMATIC_GUN_MELEE', 		'LOC_ABILITY_LK_AUTOMATIC_GUN_NAME', 	'LOC_ABILITY_LK_AUTOMATIC_GUN_DESCRIPTION'),
('ABILITY_PIKE_AND_SHOT_H_CAV', 		'LOC_ABILITY_PIKE_AND_SHOT_NAME',		'LOC_ABILITY_PIKE_AND_SHOT_HC_DESCRIPTION'),
('ABILITY_PIKE_AND_SHOT_L_CAV', 		'LOC_ABILITY_PIKE_AND_SHOT_NAME',		'LOC_ABILITY_PIKE_AND_SHOT_LC_DESCRIPTION'),
('ABILITY_PIKE_AND_SHOT_R_CAV', 		'LOC_ABILITY_PIKE_AND_SHOT_NAME',		'LOC_ABILITY_PIKE_AND_SHOT_RC_DESCRIPTION');

--------------------------
-- UnitAbilityModifiers --
--------------------------
-- Naval Units
INSERT INTO UnitAbilityModifiers
(UnitAbilityType,						ModifierId)
VALUES	
('ABILITY_NAVAL_BOMBARD',				'ADJUST_NAVAL_BOMBARD'),
('ABILITY_MARINE',						'AMPHIBIOUS_BONUS_IGNORE_RIVERS'),
('ABILITY_MARINE',						'AMPHIBIOUS_BONUS_IGNORE_SHORES'),
('ABILITY_MARINE',						'AMPHIBIOUS_ASSAULT'),
('ABILITY_ATTACK_SUB_RAIDER',			'HUNTER_KILLER_RAIDER'),
('ABILITY_ATTACK_SUB_SURFACE_WARSHIP',	'HUNTER_KILLER_SURFACE'),
('ABILITY_LK_AUTOMATIC_GUN_ANTICAV', 	'MODIFIER_LK_AUTOMATIC_GUN_ANTICAV'),
('ABILITY_LK_AUTOMATIC_GUN_MELEE', 		'MODIFIER_LK_AUTOMATIC_GUN_MELEE'),
('ABILITY_PIKE_AND_SHOT_H_CAV', 		'PIKE_AND_SHOT_VS_H_CAV_DEFENSIVE_BONUS'),
('ABILITY_PIKE_AND_SHOT_L_CAV', 		'PIKE_AND_SHOT_VS_L_CAV_DEFENSIVE_BONUS'),
('ABILITY_PIKE_AND_SHOT_R_CAV', 		'PIKE_AND_SHOT_VS_R_CAV_DEFENSIVE_BONUS');

---------------
-- Modifiers --
---------------
INSERT INTO Modifiers
(ModifierId,								ModifierType,											SubjectRequirementSetId)
VALUES	
('ADJUST_NAVAL_BOMBARD',					'MODIFIER_UNIT_ADJUST_COMBAT_STRENGTH',					'BOMBARD_OPPONENT_REQUIREMENT'),
('AMPHIBIOUS_ASSAULT',						'MODIFIER_UNIT_ADJUST_COMBAT_STRENGTH',					'MARINE_PLOT_IS_COAST_REQUIREMENT'),
('HUNTER_KILLER_RAIDER',					'MODIFIER_UNIT_ADJUST_COMBAT_STRENGTH',					'OPPONENT_IS_RAIDER_REQUIREMENT'),
('HUNTER_KILLER_SURFACE',					'MODIFIER_UNIT_ADJUST_COMBAT_STRENGTH',					'OPPONENT_IS_SURFACE_REQUIREMENT'),
('MODIFIER_LK_AUTOMATIC_GUN_ANTICAV', 		'MODIFIER_UNIT_ADJUST_COMBAT_STRENGTH',					'REQSET_LK_AUTOMATIC_GUN_ADJ_ANTICAV'),
('MODIFIER_LK_AUTOMATIC_GUN_MELEE', 		'MODIFIER_UNIT_ADJUST_COMBAT_STRENGTH',					'REQSET_LK_AUTOMATIC_GUN_ADJ_MELEE'),
('PIKE_AND_SHOT_VS_H_CAV_DEFENSIVE_BONUS',	'MODIFIER_UNIT_ADJUST_COMBAT_STRENGTH',					'PIKE_AND_SHOT_H_CAV_REQUIREMENTS'),
('PIKE_AND_SHOT_VS_L_CAV_DEFENSIVE_BONUS',	'MODIFIER_UNIT_ADJUST_COMBAT_STRENGTH',					'PIKE_AND_SHOT_L_CAV_REQUIREMENTS'),
('PIKE_AND_SHOT_VS_R_CAV_DEFENSIVE_BONUS',	'MODIFIER_UNIT_ADJUST_COMBAT_STRENGTH',					'PIKE_AND_SHOT_R_CAV_REQUIREMENTS');

-----------------------
-- ModifierArguments --
-----------------------
INSERT INTO ModifierArguments
(ModifierId,								Name,		Value)
VALUES
('ADJUST_NAVAL_BOMBARD',					'Amount',	17),
('AMPHIBIOUS_ASSAULT',						'Amount',	10),
('HUNTER_KILLER_RAIDER',					'Amount',	15),
('HUNTER_KILLER_SURFACE',					'Amount',	7),
('MODIFIER_LK_AUTOMATIC_GUN_ANTICAV', 		'Amount', 	4),
('MODIFIER_LK_AUTOMATIC_GUN_MELEE', 		'Amount', 	2),
('PIKE_AND_SHOT_VS_H_CAV_DEFENSIVE_BONUS',	'Amount',	5),
('PIKE_AND_SHOT_VS_L_CAV_DEFENSIVE_BONUS',	'Amount',	5),
('PIKE_AND_SHOT_VS_R_CAV_DEFENSIVE_BONUS',	'Amount',	5);

---------------------
-- ModifierStrings --
---------------------
INSERT INTO ModifierStrings
(ModifierId,								Context,	Text)
VALUES	
('ADJUST_NAVAL_BOMBARD',					'Preview',	'LOC_ABILITY_NAVAL_BOMBARD_COMBAT_MODIFIER_DESCRIPTION'),
('AMPHIBIOUS_ASSAULT',						'Preview',	'LOC_ABILITY_AMPHIBIOUS_ASSAULT_COMBAT_MODIFIER_DESCRIPTION'),
('HUNTER_KILLER_RAIDER',					'Preview',	'LOC_ABILITY_HUNTER_KILLER_RAIDER_MODIFIER_DESCRIPTION'),
('HUNTER_KILLER_SURFACE',					'Preview',	'LOC_ABILITY_HUNTER_KILLER_SURFACE_MODIFIER_DESCRIPTION'),
('MODIFIER_LK_AUTOMATIC_GUN_ANTICAV', 		'Preview', 	'LOC_MODIFIER_LK_AUTOMATIC_GUN_ANTICAV_DESCRIPTION'),
('MODIFIER_LK_AUTOMATIC_GUN_MELEE', 		'Preview', 	'LOC_MODIFIER_LK_AUTOMATIC_GUN_MELEE_DESCRIPTION'),
('PIKE_AND_SHOT_VS_H_CAV_DEFENSIVE_BONUS',	'Preview', 	'LOC_PIKE_AND_SHOT_VS_HC_DEFENSIVE_BONUS_DESCRIPTION'),
('PIKE_AND_SHOT_VS_L_CAV_DEFENSIVE_BONUS', 	'Preview', 	'LOC_PIKE_AND_SHOT_VS_LC_DEFENSIVE_BONUS_DESCRIPTION'),
('PIKE_AND_SHOT_VS_R_CAV_DEFENSIVE_BONUS', 	'Preview', 	'LOC_PIKE_AND_SHOT_VS_RC_DEFENSIVE_BONUS_DESCRIPTION');

----------------------
-- PolicyModifiers --
----------------------
INSERT INTO PolicyModifiers 
(PolicyType, 					ModifierId)
VALUES	
('POLICY_MARITIME_INDUSTRIES',	'ANCIENT_ERA_NAVAL_BOMBARD_PRODUCTION'),
('POLICY_MARITIME_INDUSTRIES', 	'CLASSICAL_ERA_NAVAL_BOMBARD_PRODUCTION'),
('POLICY_PRESS_GANGS',			'ANCIENT_ERA_NAVAL_BOMBARD_PRODUCTION'),
('POLICY_PRESS_GANGS',			'CLASSICAL_ERA_NAVAL_BOMBARD_PRODUCTION'),
('POLICY_PRESS_GANGS',			'MEDIEVAL_ERA_NAVAL_BOMBARD_PRODUCTION'),
('POLICY_PRESS_GANGS',			'RENAISSANCE_ERA_NAVAL_BOMBARD_PRODUCTION'),
('POLICY_PRESS_GANGS',			'INDUSTRIAL_ERA_NAVAL_BOMBARD_PRODUCTION'),
('POLICY_PRESS_GANGS',			'INDUSTRIAL_ERA_MARINE_PRODUCTION'),
('POLICY_INTERNATIONAL_WATERS',	'ANCIENT_ERA_NAVAL_BOMBARD_PRODUCTION'),
('POLICY_INTERNATIONAL_WATERS',	'CLASSICAL_ERA_NAVAL_BOMBARD_PRODUCTION'),
('POLICY_INTERNATIONAL_WATERS',	'MEDIEVAL_ERA_NAVAL_BOMBARD_PRODUCTION'),
('POLICY_INTERNATIONAL_WATERS',	'RENAISSANCE_ERA_NAVAL_BOMBARD_PRODUCTION'),
('POLICY_INTERNATIONAL_WATERS',	'INDUSTRIAL_ERA_NAVAL_BOMBARD_PRODUCTION'),
('POLICY_INTERNATIONAL_WATERS',	'MODERN_ERA_NAVAL_BOMBARD_PRODUCTION'),
('POLICY_INTERNATIONAL_WATERS',	'ATOMIC_ERA_NAVAL_BOMBARD_PRODUCTION'),
('POLICY_INTERNATIONAL_WATERS',	'INFORMATION_ERA_NAVAL_BOMBARD_PRODUCTION'),
('POLICY_INTERNATIONAL_WATERS',	'INDUSTRIAL_ERA_MARINE_PRODUCTION'),
('POLICY_INTERNATIONAL_WATERS',	'MODERN_ERA_MARINE_PRODUCTION'),
('POLICY_INTERNATIONAL_WATERS',	'ATOMIC_ERA_MARINE_PRODUCTION'),
('POLICY_INTERNATIONAL_WATERS',	'INFORMATION_ERA_MARINE_PRODUCTION'),
('POLICY_AGOGE',				'ANCIENT_ERA_FIRE_SUPPORT_PRODUCTION'),
('POLICY_AGOGE',				'CLASSICAL_ERA_FIRE_SUPPORT_PRODUCTION'),
('POLICY_FEUDAL_CONTRACT',		'ANCIENT_ERA_FIRE_SUPPORT_PRODUCTION'),
('POLICY_FEUDAL_CONTRACT',		'CLASSICAL_ERA_FIRE_SUPPORT_PRODUCTION'),
('POLICY_FEUDAL_CONTRACT',		'MEDIEVAL_ERA_FIRE_SUPPORT_PRODUCTION'),
('POLICY_FEUDAL_CONTRACT',		'RENAISSANCE_ERA_FIRE_SUPPORT_PRODUCTION'),
('POLICY_GRANDE_ARMEE',			'ANCIENT_ERA_FIRE_SUPPORT_PRODUCTION'),
('POLICY_GRANDE_ARMEE',			'CLASSICAL_ERA_FIRE_SUPPORT_PRODUCTION'),
('POLICY_GRANDE_ARMEE',			'MEDIEVAL_ERA_FIRE_SUPPORT_PRODUCTION'),
('POLICY_GRANDE_ARMEE',			'RENAISSANCE_ERA_FIRE_SUPPORT_PRODUCTION'),
('POLICY_GRANDE_ARMEE',			'INDUSTRIAL_ERA_FIRE_SUPPORT_PRODUCTION'),
('POLICY_GRANDE_ARMEE',			'MODERN_ERA_FIRE_SUPPORT_PRODUCTION'),
('POLICY_MILITARY_FIRST',		'ANCIENT_ERA_FIRE_SUPPORT_PRODUCTION'),
('POLICY_MILITARY_FIRST',		'CLASSICAL_ERA_FIRE_SUPPORT_PRODUCTION'),
('POLICY_MILITARY_FIRST',		'MEDIEVAL_ERA_FIRE_SUPPORT_PRODUCTION'),
('POLICY_MILITARY_FIRST',		'RENAISSANCE_ERA_FIRE_SUPPORT_PRODUCTION'),
('POLICY_MILITARY_FIRST',		'INDUSTRIAL_ERA_FIRE_SUPPORT_PRODUCTION'),
('POLICY_MILITARY_FIRST',		'MODERN_ERA_FIRE_SUPPORT_PRODUCTION'),
('POLICY_MILITARY_FIRST',		'ATOMIC_ERA_FIRE_SUPPORT_PRODUCTION'),
('POLICY_MILITARY_FIRST',		'INFORMATION_ERA_FIRE_SUPPORT_PRODUCTION'),
('POLICY_MILITARY_FIRST',		'INDUSTRIAL_ERA_MARINE_PRODUCTION'),
('POLICY_MILITARY_FIRST',		'MODERN_ERA_MARINE_PRODUCTION'),
('POLICY_MILITARY_FIRST',		'ATOMIC_ERA_MARINE_PRODUCTION'),
('POLICY_MILITARY_FIRST',		'INFORMATION_ERA_MARINE_PRODUCTION'),
('POLICY_STRATEGIC_AIR_FORCE',	'MODERN_ERA_AIR_ATTACK_PRODUCTION'),
('POLICY_STRATEGIC_AIR_FORCE',	'ATOMIC_ERA_AIR_ATTACK_PRODUCTION'),
('POLICY_STRATEGIC_AIR_FORCE',	'INFORMATION_ERA_AIR_ATTACK_PRODUCTION'),
('POLICY_FINEST_HOUR',			'MODERN_ERA_AIR_ATTACK_PRODUCTION'),
('POLICY_FINEST_HOUR',			'ATOMIC_ERA_AIR_ATTACK_PRODUCTION');

---------------
-- Modifiers --
---------------
INSERT INTO Modifiers 
(ModifierId, 									ModifierType)
VALUES
('ANCIENT_ERA_FIRE_SUPPORT_PRODUCTION', 		'MODIFIER_PLAYER_CITIES_ADJUST_UNIT_TAG_ERA_PRODUCTION'),
('CLASSICAL_ERA_FIRE_SUPPORT_PRODUCTION', 		'MODIFIER_PLAYER_CITIES_ADJUST_UNIT_TAG_ERA_PRODUCTION'),
('MEDIEVAL_ERA_FIRE_SUPPORT_PRODUCTION', 		'MODIFIER_PLAYER_CITIES_ADJUST_UNIT_TAG_ERA_PRODUCTION'),
('RENAISSANCE_ERA_FIRE_SUPPORT_PRODUCTION',		'MODIFIER_PLAYER_CITIES_ADJUST_UNIT_TAG_ERA_PRODUCTION'),
('INDUSTRIAL_ERA_FIRE_SUPPORT_PRODUCTION',		'MODIFIER_PLAYER_CITIES_ADJUST_UNIT_TAG_ERA_PRODUCTION'),
('MODERN_ERA_FIRE_SUPPORT_PRODUCTION', 			'MODIFIER_PLAYER_CITIES_ADJUST_UNIT_TAG_ERA_PRODUCTION'),
('ATOMIC_ERA_FIRE_SUPPORT_PRODUCTION', 			'MODIFIER_PLAYER_CITIES_ADJUST_UNIT_TAG_ERA_PRODUCTION'),
('INFORMATION_ERA_FIRE_SUPPORT_PRODUCTION',		'MODIFIER_PLAYER_CITIES_ADJUST_UNIT_TAG_ERA_PRODUCTION'),
('INDUSTRIAL_ERA_MARINE_PRODUCTION',			'MODIFIER_PLAYER_CITIES_ADJUST_UNIT_TAG_ERA_PRODUCTION'),
('MODERN_ERA_MARINE_PRODUCTION', 				'MODIFIER_PLAYER_CITIES_ADJUST_UNIT_TAG_ERA_PRODUCTION'),
('ATOMIC_ERA_MARINE_PRODUCTION', 				'MODIFIER_PLAYER_CITIES_ADJUST_UNIT_TAG_ERA_PRODUCTION'),
('INFORMATION_ERA_MARINE_PRODUCTION',			'MODIFIER_PLAYER_CITIES_ADJUST_UNIT_TAG_ERA_PRODUCTION'),
('ANCIENT_ERA_NAVAL_BOMBARD_PRODUCTION', 		'MODIFIER_PLAYER_CITIES_ADJUST_UNIT_TAG_ERA_PRODUCTION'),
('CLASSICAL_ERA_NAVAL_BOMBARD_PRODUCTION', 		'MODIFIER_PLAYER_CITIES_ADJUST_UNIT_TAG_ERA_PRODUCTION'),
('MEDIEVAL_ERA_NAVAL_BOMBARD_PRODUCTION', 		'MODIFIER_PLAYER_CITIES_ADJUST_UNIT_TAG_ERA_PRODUCTION'),
('RENAISSANCE_ERA_NAVAL_BOMBARD_PRODUCTION',	'MODIFIER_PLAYER_CITIES_ADJUST_UNIT_TAG_ERA_PRODUCTION'),
('INDUSTRIAL_ERA_NAVAL_BOMBARD_PRODUCTION',		'MODIFIER_PLAYER_CITIES_ADJUST_UNIT_TAG_ERA_PRODUCTION'),
('MODERN_ERA_NAVAL_BOMBARD_PRODUCTION', 		'MODIFIER_PLAYER_CITIES_ADJUST_UNIT_TAG_ERA_PRODUCTION'),
('ATOMIC_ERA_NAVAL_BOMBARD_PRODUCTION', 		'MODIFIER_PLAYER_CITIES_ADJUST_UNIT_TAG_ERA_PRODUCTION'),
('INFORMATION_ERA_NAVAL_BOMBARD_PRODUCTION',	'MODIFIER_PLAYER_CITIES_ADJUST_UNIT_TAG_ERA_PRODUCTION'),
('MODERN_ERA_AIR_ATTACK_PRODUCTION', 			'MODIFIER_PLAYER_CITIES_ADJUST_UNIT_TAG_ERA_PRODUCTION'),
('ATOMIC_ERA_AIR_ATTACK_PRODUCTION', 			'MODIFIER_PLAYER_CITIES_ADJUST_UNIT_TAG_ERA_PRODUCTION'),
('INFORMATION_ERA_AIR_ATTACK_PRODUCTION',		'MODIFIER_PLAYER_CITIES_ADJUST_UNIT_TAG_ERA_PRODUCTION'),
('VENETIAN_ARSENAL_EXTRANAVALBOMBARD',			'MODIFIER_PLAYER_CITIES_ADJUST_EXTRA_UNIT_COPY_TAG'),
('VENETIAN_ARSENAL_EXTRAMARINE',				'MODIFIER_PLAYER_CITIES_ADJUST_EXTRA_UNIT_COPY_TAG');

INSERT INTO Modifiers
(		ModifierId,						ModifierType)
SELECT	'TRAIT_NAVAL_BOMBARD_FAITH',	'MODIFIER_PLAYER_CITIES_ENABLE_UNIT_FAITH_PURCHASE'
WHERE EXISTS (SELECT 1 FROM CivilizationLeaders WHERE LeaderType = 'LEADER_GITARJA');

-----------------------
-- ModifierArguments --
-----------------------
INSERT INTO ModifierArguments 
(ModifierId, 									Name, 					Value)
VALUES
('ANCIENT_ERA_FIRE_SUPPORT_PRODUCTION', 		'Amount', 				100),
('ANCIENT_ERA_FIRE_SUPPORT_PRODUCTION', 		'EraType', 				'ERA_ANCIENT'),
('ANCIENT_ERA_FIRE_SUPPORT_PRODUCTION', 		'UnitPromotionClass', 	'PROMOTION_CLASS_AUTOMATIC_GUN'),
('CLASSICAL_ERA_FIRE_SUPPORT_PRODUCTION', 		'Amount', 				100),
('CLASSICAL_ERA_FIRE_SUPPORT_PRODUCTION', 		'EraType', 				'ERA_CLASSICAL'),
('CLASSICAL_ERA_FIRE_SUPPORT_PRODUCTION', 		'UnitPromotionClass', 	'PROMOTION_CLASS_AUTOMATIC_GUN'),
('MEDIEVAL_ERA_FIRE_SUPPORT_PRODUCTION',		'Amount', 				100),
('MEDIEVAL_ERA_FIRE_SUPPORT_PRODUCTION',		'EraType', 				'ERA_MEDIEVAL'),
('MEDIEVAL_ERA_FIRE_SUPPORT_PRODUCTION',		'UnitPromotionClass', 	'PROMOTION_CLASS_AUTOMATIC_GUN'),
('RENAISSANCE_ERA_FIRE_SUPPORT_PRODUCTION',		'Amount', 				100),
('RENAISSANCE_ERA_FIRE_SUPPORT_PRODUCTION',		'EraType', 				'ERA_RENAISSANCE'),
('RENAISSANCE_ERA_FIRE_SUPPORT_PRODUCTION',		'UnitPromotionClass', 	'PROMOTION_CLASS_AUTOMATIC_GUN'),
('INDUSTRIAL_ERA_FIRE_SUPPORT_PRODUCTION',		'Amount', 				100),
('INDUSTRIAL_ERA_FIRE_SUPPORT_PRODUCTION',		'EraType', 				'ERA_INDUSTRIAL'),
('INDUSTRIAL_ERA_FIRE_SUPPORT_PRODUCTION',		'UnitPromotionClass', 	'PROMOTION_CLASS_AUTOMATIC_GUN'),
('MODERN_ERA_FIRE_SUPPORT_PRODUCTION', 			'Amount', 				100),
('MODERN_ERA_FIRE_SUPPORT_PRODUCTION', 			'EraType', 				'ERA_MODERN'),
('MODERN_ERA_FIRE_SUPPORT_PRODUCTION', 			'UnitPromotionClass', 	'PROMOTION_CLASS_AUTOMATIC_GUN'),
('ATOMIC_ERA_FIRE_SUPPORT_PRODUCTION', 			'Amount', 				100),
('ATOMIC_ERA_FIRE_SUPPORT_PRODUCTION', 			'EraType', 				'ERA_ATOMIC'),
('ATOMIC_ERA_FIRE_SUPPORT_PRODUCTION', 			'UnitPromotionClass', 	'PROMOTION_CLASS_AUTOMATIC_GUN'),
('INFORMATION_ERA_FIRE_SUPPORT_PRODUCTION', 	'Amount', 				100),
('INFORMATION_ERA_FIRE_SUPPORT_PRODUCTION', 	'EraType', 				'ERA_INFORMATION'),
('INFORMATION_ERA_FIRE_SUPPORT_PRODUCTION', 	'UnitPromotionClass', 	'PROMOTION_CLASS_AUTOMATIC_GUN'),
('INDUSTRIAL_ERA_MARINE_PRODUCTION',			'Amount', 				100),
('INDUSTRIAL_ERA_MARINE_PRODUCTION',			'EraType', 				'ERA_INDUSTRIAL'),
('INDUSTRIAL_ERA_MARINE_PRODUCTION',			'UnitPromotionClass', 	'PROMOTION_CLASS_MARINE'),
('MODERN_ERA_MARINE_PRODUCTION', 				'Amount', 				100),
('MODERN_ERA_MARINE_PRODUCTION', 				'EraType', 				'ERA_MODERN'),
('MODERN_ERA_MARINE_PRODUCTION', 				'UnitPromotionClass', 	'PROMOTION_CLASS_MARINE'),
('ATOMIC_ERA_MARINE_PRODUCTION', 				'Amount', 				100),
('ATOMIC_ERA_MARINE_PRODUCTION', 				'EraType', 				'ERA_ATOMIC'),
('ATOMIC_ERA_MARINE_PRODUCTION', 				'UnitPromotionClass', 	'PROMOTION_CLASS_MARINE'),
('INFORMATION_ERA_MARINE_PRODUCTION', 			'Amount', 				100),
('INFORMATION_ERA_MARINE_PRODUCTION', 			'EraType', 				'ERA_INFORMATION'),
('INFORMATION_ERA_MARINE_PRODUCTION', 			'UnitPromotionClass', 	'PROMOTION_CLASS_MARINE'),
('ANCIENT_ERA_NAVAL_BOMBARD_PRODUCTION', 		'Amount', 				100),
('ANCIENT_ERA_NAVAL_BOMBARD_PRODUCTION', 		'EraType', 				'ERA_ANCIENT'),
('ANCIENT_ERA_NAVAL_BOMBARD_PRODUCTION', 		'UnitPromotionClass', 	'PROMOTION_CLASS_NAVAL_BOMBARD'),
('CLASSICAL_ERA_NAVAL_BOMBARD_PRODUCTION', 		'Amount', 				100),
('CLASSICAL_ERA_NAVAL_BOMBARD_PRODUCTION', 		'EraType', 				'ERA_CLASSICAL'),
('CLASSICAL_ERA_NAVAL_BOMBARD_PRODUCTION', 		'UnitPromotionClass', 	'PROMOTION_CLASS_NAVAL_BOMBARD'),
('MEDIEVAL_ERA_NAVAL_BOMBARD_PRODUCTION',		'Amount', 				100),
('MEDIEVAL_ERA_NAVAL_BOMBARD_PRODUCTION',		'EraType', 				'ERA_MEDIEVAL'),
('MEDIEVAL_ERA_NAVAL_BOMBARD_PRODUCTION',		'UnitPromotionClass', 	'PROMOTION_CLASS_NAVAL_BOMBARD'),
('RENAISSANCE_ERA_NAVAL_BOMBARD_PRODUCTION',	'Amount', 				100),
('RENAISSANCE_ERA_NAVAL_BOMBARD_PRODUCTION',	'EraType', 				'ERA_RENAISSANCE'),
('RENAISSANCE_ERA_NAVAL_BOMBARD_PRODUCTION',	'UnitPromotionClass', 	'PROMOTION_CLASS_NAVAL_BOMBARD'),
('INDUSTRIAL_ERA_NAVAL_BOMBARD_PRODUCTION',		'Amount', 				100),
('INDUSTRIAL_ERA_NAVAL_BOMBARD_PRODUCTION',		'EraType', 				'ERA_INDUSTRIAL'),
('INDUSTRIAL_ERA_NAVAL_BOMBARD_PRODUCTION',		'UnitPromotionClass', 	'PROMOTION_CLASS_NAVAL_BOMBARD'),
('MODERN_ERA_NAVAL_BOMBARD_PRODUCTION', 		'Amount', 				100),
('MODERN_ERA_NAVAL_BOMBARD_PRODUCTION', 		'EraType', 				'ERA_MODERN'),
('MODERN_ERA_NAVAL_BOMBARD_PRODUCTION', 		'UnitPromotionClass', 	'PROMOTION_CLASS_NAVAL_BOMBARD'),
('ATOMIC_ERA_NAVAL_BOMBARD_PRODUCTION', 		'Amount', 				100),
('ATOMIC_ERA_NAVAL_BOMBARD_PRODUCTION', 		'EraType', 				'ERA_ATOMIC'),
('ATOMIC_ERA_NAVAL_BOMBARD_PRODUCTION', 		'UnitPromotionClass', 	'PROMOTION_CLASS_NAVAL_BOMBARD'),
('INFORMATION_ERA_NAVAL_BOMBARD_PRODUCTION', 	'Amount', 				100),
('INFORMATION_ERA_NAVAL_BOMBARD_PRODUCTION', 	'EraType', 				'ERA_INFORMATION'),
('INFORMATION_ERA_NAVAL_BOMBARD_PRODUCTION', 	'UnitPromotionClass', 	'PROMOTION_CLASS_NAVAL_BOMBARD'),
('MODERN_ERA_AIR_ATTACK_PRODUCTION', 			'Amount', 				100),
('MODERN_ERA_AIR_ATTACK_PRODUCTION', 			'EraType', 				'ERA_MODERN'),
('MODERN_ERA_AIR_ATTACK_PRODUCTION', 			'UnitPromotionClass', 	'PROMOTION_CLASS_AIR_ATTACK'),
('ATOMIC_ERA_AIR_ATTACK_PRODUCTION', 			'Amount', 				100),
('ATOMIC_ERA_AIR_ATTACK_PRODUCTION', 			'EraType', 				'ERA_ATOMIC'),
('ATOMIC_ERA_AIR_ATTACK_PRODUCTION', 			'UnitPromotionClass', 	'PROMOTION_CLASS_AIR_ATTACK'),
('INFORMATION_ERA_AIR_ATTACK_PRODUCTION', 		'Amount', 				100),
('INFORMATION_ERA_AIR_ATTACK_PRODUCTION', 		'EraType', 				'ERA_INFORMATION'),
('INFORMATION_ERA_AIR_ATTACK_PRODUCTION', 		'UnitPromotionClass', 	'PROMOTION_CLASS_AIR_ATTACK'),
('VENETIAN_ARSENAL_EXTRANAVALBOMBARD', 			'Tag',					'CLASS_NAVAL_BOMBARD'),
('VENETIAN_ARSENAL_EXTRANAVALBOMBARD', 			'Amount',				1),
('VENETIAN_ARSENAL_EXTRAMARINE', 				'Tag',					'CLASS_MARINE'),
('VENETIAN_ARSENAL_EXTRAMARINE', 				'Amount',				1);

INSERT INTO ModifierArguments
(		ModifierId,						Name,	Value)
SELECT	'TRAIT_NAVAL_BOMBARD_FAITH',	'Tag',	'CLASS_NAVAL_BOMBARD'
WHERE EXISTS (SELECT 1 FROM CivilizationLeaders WHERE LeaderType = 'LEADER_GITARJA');

UPDATE ModifierArguments SET Value = 'UNIT_DREADNOUGHT'
WHERE ModifierId = 'GREATPERSON_FRANZ_VON_HIPPER_ACTIVE' AND Name = 'UnitType';

-----------------------
-- BuildingModifiers --
-----------------------
INSERT INTO BuildingModifiers 
(BuildingType, 					ModifierId)
VALUES
('BUILDING_VENETIAN_ARSENAL', 	'VENETIAN_ARSENAL_EXTRANAVALBOMBARD'),
('BUILDING_VENETIAN_ARSENAL', 	'VENETIAN_ARSENAL_EXTRAMARINE');

--------------------
-- TraitModifiers --
--------------------
INSERT INTO TraitModifiers
(		TraitType,						ModifierId)
SELECT	'TRAIT_LEADER_EXALTED_GODDESS',	'TRAIT_NAVAL_BOMBARD_FAITH'
WHERE EXISTS (SELECT 1 FROM CivilizationLeaders WHERE LeaderType = 'LEADER_GITARJA');