-- UC_COM_Bonuses_Yields
-- Author: JNR
--------------------------------------------------------------

-- Buildings
--------------------------------------------------------------
UPDATE Buildings SET RegionalRange=6 WHERE BuildingType='BUILDING_AIRPORT';
--------------------------------------------------------------

-- Building_YieldChanges
--------------------------------------------------------------
INSERT OR IGNORE INTO Building_YieldChanges
		(BuildingType,						YieldType,		YieldChange)
VALUES	('BUILDING_JNR_MINT',				'YIELD_GOLD',	1),
		('BUILDING_JNR_GUILDHALL',			'YIELD_GOLD',	3),
		('BUILDING_JNR_MERCHANT_QUARTER',	'YIELD_GOLD',	1),
		('BUILDING_JNR_COMMODITY_EXCHANGE',	'YIELD_GOLD',	2),
		('BUILDING_JNR_MARKETING_AGENCY',	'YIELD_GOLD',	2),
		('BUILDING_JNR_WHARF_FISHING',		'YIELD_FOOD',	1),
		('BUILDING_JNR_WHARF_TRADE',		'YIELD_GOLD',	2),
		('BUILDING_LIGHTHOUSE',				'YIELD_FOOD',	1),
		('BUILDING_JNR_LIGHTHOUSE_TRADE',	'YIELD_GOLD',	2),
		('BUILDING_JNR_HAVEN',				'YIELD_GOLD',	2),
		('BUILDING_JNR_CONSULATE',			'YIELD_GOLD',	2),
		('BUILDING_JNR_CRUISE_TERMINAL',	'YIELD_GOLD',	1),
		('BUILDING_AIRPORT',				'YIELD_GOLD',	6);

UPDATE Building_YieldChanges SET YieldChange=1	WHERE BuildingType='BUILDING_MARKET'			AND YieldType='YIELD_GOLD';
DELETE FROM Building_YieldChanges				WHERE BuildingType='BUILDING_SUKIENNICE'		AND YieldType='YIELD_GOLD';
DELETE FROM Building_YieldChanges				WHERE BuildingType='BUILDING_BANK'				AND YieldType='YIELD_GOLD';
UPDATE Building_YieldChanges SET YieldChange=2	WHERE BuildingType='BUILDING_GRAND_BAZAAR'		AND YieldType='YIELD_GOLD';
UPDATE Building_YieldChanges SET YieldChange=2	WHERE BuildingType='BUILDING_STOCK_EXCHANGE'	AND YieldType='YIELD_GOLD';
DELETE FROM Building_YieldChanges				WHERE BuildingType='BUILDING_LIGHTHOUSE'		AND YieldType='YIELD_GOLD';
DELETE FROM Building_YieldChanges				WHERE BuildingType='BUILDING_SHIPYARD'			AND YieldType='YIELD_FOOD';
UPDATE Building_YieldChanges SET YieldChange=2	WHERE BuildingType='BUILDING_SEAPORT'			AND YieldType='YIELD_GOLD';
DELETE FROM Building_YieldChanges				WHERE BuildingType='BUILDING_SEAPORT'			AND YieldType='YIELD_FOOD';
DELETE FROM Building_YieldChanges				WHERE BuildingType='BUILDING_AIRPORT'			AND YieldType='YIELD_PRODUCTION';
--------------------------------------------------------------

-- Building_YieldDistrictCopies
--------------------------------------------------------------
INSERT OR IGNORE INTO Building_YieldDistrictCopies
		(BuildingType,				OldYieldType,	NewYieldType)
VALUES	('BUILDING_JNR_WAYSTATION',	'YIELD_GOLD',	'YIELD_GOLD');

INSERT OR IGNORE INTO Building_YieldDistrictCopies
		(BuildingType,				OldYieldType,	NewYieldType)
SELECT	BuildingType,				'YIELD_GOLD',	'YIELD_GOLD'
FROM	Buildings
WHERE	BuildingType='BUILDING_SUKIENNICE';
--------------------------------------------------------------

-- Building_CitizenYieldChanges
--------------------------------------------------------------
INSERT OR IGNORE INTO Building_CitizenYieldChanges
		(BuildingType,						YieldType,			YieldChange)
VALUES	('BUILDING_JNR_GUILDHALL',			'YIELD_GOLD',		2),
		('BUILDING_JNR_COMMODITY_EXCHANGE',	'YIELD_GOLD',		2),
		('BUILDING_JNR_MARKETING_AGENCY',	'YIELD_GOLD',		2),
		('BUILDING_SHIPYARD',				'YIELD_PRODUCTION',	1),
		('BUILDING_JNR_CRUISE_TERMINAL',	'YIELD_GOLD',		2);

INSERT OR IGNORE INTO Building_CitizenYieldChanges
		(BuildingType,						YieldType,			YieldChange)
SELECT	BuildingType,						'YIELD_GOLD',		2
FROM	Buildings
WHERE	BuildingType='BUILDING_GRAND_BAZAAR';
--------------------------------------------------------------

-- Building_YieldChangesBonusWithPower
--------------------------------------------------------------
INSERT OR IGNORE INTO Building_YieldChangesBonusWithPower
		(BuildingType,						YieldType,		YieldChange)
SELECT	'BUILDING_JNR_COMMODITY_EXCHANGE',	'YIELD_GOLD',	YieldChange
FROM	Building_YieldChangesBonusWithPower
WHERE	BuildingType='BUILDING_STOCK_EXCHANGE' AND YieldType='YIELD_GOLD';

INSERT OR IGNORE INTO Building_YieldChangesBonusWithPower
		(BuildingType,						YieldType,		YieldChange)
SELECT	'BUILDING_JNR_MARKETING_AGENCY',	'YIELD_GOLD',	YieldChange
FROM	Building_YieldChangesBonusWithPower
WHERE	BuildingType='BUILDING_STOCK_EXCHANGE' AND YieldType='YIELD_GOLD';

INSERT OR IGNORE INTO Building_YieldChangesBonusWithPower
		(BuildingType,						YieldType,		YieldChange)
SELECT	'BUILDING_JNR_CRUISE_TERMINAL',		'YIELD_GOLD',	YieldChange
FROM	Building_YieldChangesBonusWithPower
WHERE	BuildingType='BUILDING_SEAPORT' AND YieldType='YIELD_GOLD';

INSERT OR IGNORE INTO Building_YieldChangesBonusWithPower
		(BuildingType,						YieldType,		YieldChange)
SELECT	'BUILDING_JNR_CRUISE_TERMINAL',		'YIELD_GOLD',	YieldChange*2
FROM	Building_YieldChangesBonusWithPower
WHERE	BuildingType='BUILDING_SEAPORT' AND YieldType='YIELD_FOOD';

DELETE FROM Building_YieldChangesBonusWithPower WHERE BuildingType='BUILDING_AIRPORT';

INSERT OR IGNORE INTO Building_YieldChangesBonusWithPower
		(BuildingType,						YieldType,		YieldChange)
SELECT	'BUILDING_AIRPORT',					'YIELD_GOLD',	YieldChange
FROM	Building_YieldChangesBonusWithPower
WHERE	BuildingType='BUILDING_STOCK_EXCHANGE' AND YieldType='YIELD_GOLD';
--------------------------------------------------------------

-- Tags
--------------------------------------------------------------
INSERT OR IGNORE INTO Tags
		(Tag,								Vocabulary)
VALUES	('CLASS_JNR_RESOUCE_THEME_CLOTH',	'RESOURCE_CLASS');
--------------------------------------------------------------

-- TypeTags
--------------------------------------------------------------
INSERT OR IGNORE INTO TypeTags
		(Type,			Tag)
SELECT	ResourceType,	'CLASS_JNR_RESOUCE_THEME_CLOTH'
FROM	Resources
WHERE	ResourceType IN
		('RESOURCE_SHEEP', 'RESOURCE_COTTON', 'RESOURCE_DYES', 'RESOURCE_SILK', 'RESOURCE_CASHMERE');
--------------------------------------------------------------

-- Requirements
--------------------------------------------------------------
INSERT OR IGNORE INTO Requirements
		(RequirementId,								RequirementType)
VALUES	('REQUIRES_PLOT_HAS_CLOTH_RESOURCE',		'REQUIREMENT_PLOT_RESOURCE_TAG_MATCHES'),
		('REQUIRES_CITY_HAS_1_TITLE_GOVERNOR_JNR',	'REQUIREMENT_CITY_HAS_GOVERNOR_WITH_X_TITLES'),
		('REQUIRES_CITY_HAS_3_TITLE_GOVERNOR_JNR',	'REQUIREMENT_CITY_HAS_GOVERNOR_WITH_X_TITLES'),
		('REQUIRES_CITY_HAS_4_TITLE_GOVERNOR_JNR',	'REQUIREMENT_CITY_HAS_GOVERNOR_WITH_X_TITLES'),
		('REQUIRES_CITY_HAS_5_TITLE_GOVERNOR_JNR',	'REQUIREMENT_CITY_HAS_GOVERNOR_WITH_X_TITLES'),
		('REQUIRES_CITY_HAS_6_TITLE_GOVERNOR_JNR',	'REQUIREMENT_CITY_HAS_GOVERNOR_WITH_X_TITLES'),
		('REQUIRES_TECHNOLOGY_CARTOGRAPHY_JNR',		'REQUIREMENT_PLAYER_HAS_TECHNOLOGY'),
		('REQUIRES_PLOT_HAS_FISHERY_JNR',			'REQUIREMENT_PLOT_IMPROVEMENT_TYPE_MATCHES'),
		('REQUIRES_PLOT_HAS_NO_FISHING_BOATS_JNR',	'REQUIREMENT_PLOT_IMPROVEMENT_TYPE_MATCHES'),
		('REQUIRES_PLOT_HAS_NO_FISHERY_JNR',		'REQUIREMENT_PLOT_IMPROVEMENT_TYPE_MATCHES'),
		('REQUIRES_PLOT_HAS_OFFSHORE_OIL_RIG_JNR',	'REQUIREMENT_PLOT_IMPROVEMENT_TYPE_MATCHES'),
		('REQUIRES_PLOT_HAS_OFFSHORE_WIND_JNR',		'REQUIREMENT_PLOT_IMPROVEMENT_TYPE_MATCHES'),
		('REQUIRES_PLOT_HAS_SEASTEAD_JNR',			'REQUIREMENT_PLOT_IMPROVEMENT_TYPE_MATCHES'),
		('REQUIRES_PLOT_HAS_BEACH_RESORT_JNR',		'REQUIREMENT_PLOT_IMPROVEMENT_TYPE_MATCHES');

UPDATE Requirements SET Inverse=1 WHERE RequirementId='REQUIRES_PLOT_HAS_NO_FISHING_BOATS_JNR';
UPDATE Requirements SET Inverse=1 WHERE RequirementId='REQUIRES_PLOT_HAS_NO_FISHERY_JNR';
--------------------------------------------------------------

-- RequirementArguments
--------------------------------------------------------------
INSERT OR IGNORE INTO RequirementArguments
		(RequirementId,								Name,				Value)
VALUES	('REQUIRES_PLOT_HAS_CLOTH_RESOURCE',		'Tag',				'CLASS_JNR_RESOUCE_THEME_CLOTH'),
		('REQUIRES_CITY_HAS_1_TITLE_GOVERNOR_JNR',	'Established',		1),
		('REQUIRES_CITY_HAS_1_TITLE_GOVERNOR_JNR',	'Amount',			1),
		('REQUIRES_CITY_HAS_3_TITLE_GOVERNOR_JNR',	'Established',		1),
		('REQUIRES_CITY_HAS_3_TITLE_GOVERNOR_JNR',	'Amount',			3),
		('REQUIRES_CITY_HAS_4_TITLE_GOVERNOR_JNR',	'Established',		1),
		('REQUIRES_CITY_HAS_4_TITLE_GOVERNOR_JNR',	'Amount',			4),
		('REQUIRES_CITY_HAS_5_TITLE_GOVERNOR_JNR',	'Established',		1),
		('REQUIRES_CITY_HAS_5_TITLE_GOVERNOR_JNR',	'Amount',			5),
		('REQUIRES_CITY_HAS_6_TITLE_GOVERNOR_JNR',	'Established',		1),
		('REQUIRES_CITY_HAS_6_TITLE_GOVERNOR_JNR',	'Amount',			6),
		('REQUIRES_TECHNOLOGY_CARTOGRAPHY_JNR',		'TechnologyType',	'TECH_CARTOGRAPHY'),
		('REQUIRES_PLOT_HAS_FISHERY_JNR',			'ImprovementType',	'IMPROVEMENT_FISHERY'),
		('REQUIRES_PLOT_HAS_NO_FISHING_BOATS_JNR',	'ImprovementType',	'IMPROVEMENT_FISHING_BOATS'),
		('REQUIRES_PLOT_HAS_NO_FISHERY_JNR',		'ImprovementType',	'IMPROVEMENT_FISHERY'),
		('REQUIRES_PLOT_HAS_OFFSHORE_OIL_RIG_JNR',	'ImprovementType',	'IMPROVEMENT_OFFSHORE_OIL_RIG'),
		('REQUIRES_PLOT_HAS_OFFSHORE_WIND_JNR',		'ImprovementType',	'IMPROVEMENT_OFFSHORE_WIND_FARM'),
		('REQUIRES_PLOT_HAS_SEASTEAD_JNR',			'ImprovementType',	'IMPROVEMENT_SEASTEAD'),
		('REQUIRES_PLOT_HAS_BEACH_RESORT_JNR',		'ImprovementType',	'IMPROVEMENT_BEACH_RESORT');
--------------------------------------------------------------

-- RequirementSets
--------------------------------------------------------------
INSERT OR IGNORE INTO RequirementSets
		(RequirementSetId,								RequirementSetType)
VALUES	('PLOT_HAS_LUXURY_RESOURCE_JNR',				'REQUIREMENTSET_TEST_ALL'),
		('PLOT_HAS_BONUS_RESOURCE_JNR',					'REQUIREMENTSET_TEST_ALL'),
		('PLOT_HAS_CLOTH_RESOURCE_JNR',					'REQUIREMENTSET_TEST_ALL'),
		('CITY_HAS_1_TITLE_GOVERNOR_REQUIREMENTS_JNR',	'REQUIREMENTSET_TEST_ALL'),
		('CITY_HAS_3_TITLE_GOVERNOR_REQUIREMENTS_JNR',	'REQUIREMENTSET_TEST_ALL'),
		('CITY_HAS_4_TITLE_GOVERNOR_REQUIREMENTS_JNR',	'REQUIREMENTSET_TEST_ALL'),
		('CITY_HAS_5_TITLE_GOVERNOR_REQUIREMENTS_JNR',	'REQUIREMENTSET_TEST_ALL'),
		('CITY_HAS_6_TITLE_GOVERNOR_REQUIREMENTS_JNR',	'REQUIREMENTSET_TEST_ALL'),
		('PLOT_HAS_OCEAN_REQUIREMENTS_JNR',				'REQUIREMENTSET_TEST_ALL'),
		('PLOT_HAS_OCEAN_CARTOGRAPHY_JNR',				'REQUIREMENTSET_TEST_ALL'),
		('PLOT_HAS_OCEAN_ELECTRICITY_JNR',				'REQUIREMENTSET_TEST_ALL'),
		('PLOT_HAS_FISHERY_REQUIREMENTS_JNR',			'REQUIREMENTSET_TEST_ALL'),
		('PLOT_HAS_COAST_NO_FISHING_IMPROVEMENT_JNR',	'REQUIREMENTSET_TEST_ALL'),
		('PLOT_HAS_OFFSHORE_OIL_RIG_REQUIREMENTS_JNR',	'REQUIREMENTSET_TEST_ALL'),
		('PLOT_HAS_OFFSHORE_WIND_REQUIREMENTS_JNR',		'REQUIREMENTSET_TEST_ALL'),
		('PLOT_HAS_SEASTEAD_REQUIREMENTS_JNR',			'REQUIREMENTSET_TEST_ALL'),
		('PLOT_HAS_BEACH_RESORT_JNR',					'REQUIREMENTSET_TEST_ALL');
--------------------------------------------------------------

-- RequirementSetRequirements
--------------------------------------------------------------
INSERT OR IGNORE INTO RequirementSetRequirements
		(RequirementSetId,								RequirementId)
VALUES	('PLOT_HAS_LUXURY_RESOURCE_JNR',				'REQUIRES_PLOT_HAS_LUXURY'),
		('PLOT_HAS_BONUS_RESOURCE_JNR',					'REQUIRES_PLOT_HAS_BONUS'),
		('PLOT_HAS_CLOTH_RESOURCE_JNR',					'REQUIRES_PLOT_HAS_CLOTH_RESOURCE'),
		('CITY_HAS_1_TITLE_GOVERNOR_REQUIREMENTS_JNR',	'REQUIRES_CITY_HAS_1_TITLE_GOVERNOR_JNR'),
		('CITY_HAS_3_TITLE_GOVERNOR_REQUIREMENTS_JNR',	'REQUIRES_CITY_HAS_3_TITLE_GOVERNOR_JNR'),
		('CITY_HAS_4_TITLE_GOVERNOR_REQUIREMENTS_JNR',	'REQUIRES_CITY_HAS_4_TITLE_GOVERNOR_JNR'),
		('CITY_HAS_5_TITLE_GOVERNOR_REQUIREMENTS_JNR',	'REQUIRES_CITY_HAS_5_TITLE_GOVERNOR_JNR'),
		('CITY_HAS_6_TITLE_GOVERNOR_REQUIREMENTS_JNR',	'REQUIRES_CITY_HAS_6_TITLE_GOVERNOR_JNR'),
		('PLOT_HAS_OCEAN_REQUIREMENTS_JNR',				'REQUIRES_TERRAIN_OCEAN'),
		('PLOT_HAS_OCEAN_CARTOGRAPHY_JNR',				'REQUIRES_TERRAIN_OCEAN'),
		('PLOT_HAS_OCEAN_CARTOGRAPHY_JNR',				'REQUIRES_TECHNOLOGY_CARTOGRAPHY_JNR'),
		('PLOT_HAS_OCEAN_ELECTRICITY_JNR',				'REQUIRES_TERRAIN_OCEAN'),
		('PLOT_HAS_OCEAN_ELECTRICITY_JNR',				'REQUIRES_PLAYER_HAS_ELECTRICITYTECHNOLOGY'),
		('PLOT_HAS_FISHERY_REQUIREMENTS_JNR',			'REQUIRES_PLOT_HAS_FISHERY_JNR'),
		('PLOT_HAS_COAST_NO_FISHING_IMPROVEMENT_JNR',	'REQUIRES_PLOT_HAS_NO_FISHING_BOATS_JNR'),
		('PLOT_HAS_COAST_NO_FISHING_IMPROVEMENT_JNR',	'REQUIRES_PLOT_HAS_NO_FISHERY_JNR'),
		('PLOT_HAS_COAST_NO_FISHING_IMPROVEMENT_JNR',	'REQUIRES_PLOT_HAS_COAST'),
		('PLOT_HAS_OFFSHORE_OIL_RIG_REQUIREMENTS_JNR',	'REQUIRES_PLOT_HAS_OFFSHORE_OIL_RIG_JNR'),
		('PLOT_HAS_OFFSHORE_WIND_REQUIREMENTS_JNR',		'REQUIRES_PLOT_HAS_OFFSHORE_WIND_JNR'),
		('PLOT_HAS_SEASTEAD_REQUIREMENTS_JNR',			'REQUIRES_PLOT_HAS_SEASTEAD_JNR'),
		('PLOT_HAS_BEACH_RESORT_JNR',					'REQUIRES_PLOT_HAS_BEACH_RESORT_JNR');
--------------------------------------------------------------

-- Types
--------------------------------------------------------------
INSERT OR IGNORE INTO Types
		(Type,													Kind)
VALUES	('MODIFIER_JNR_ALLIANCE_CITIES_BUILDING_YIELD_CHANGE',	'KIND_MODIFIER');
--------------------------------------------------------------

-- DynamicModifiers
--------------------------------------------------------------
INSERT OR IGNORE INTO DynamicModifiers
		(ModifierType,											CollectionType,					EffectType)
VALUES	('MODIFIER_JNR_ALLIANCE_CITIES_BUILDING_YIELD_CHANGE',	'COLLECTION_ALLIANCE_CITIES',	'EFFECT_ADJUST_BUILDING_YIELD_CHANGE');
--------------------------------------------------------------

-- Modifiers
--------------------------------------------------------------
INSERT OR IGNORE INTO Modifiers
		(ModifierId,									ModifierType,												SubjectRequirementSetId)
VALUES	('JNR_MARKET_GOLD_BONUS',						'MODIFIER_CITY_PLOT_YIELDS_ADJUST_PLOT_YIELD',				'PLOT_HAS_BONUS_RESOURCE_JNR'),
		('JNR_SUKIENNICE_GOLD_CLOTH',					'MODIFIER_CITY_PLOT_YIELDS_ADJUST_PLOT_YIELD',				'PLOT_HAS_CLOTH_RESOURCE_JNR'),
		('JNR_MINT_GOLD_1_TITLE',						'MODIFIER_BUILDING_YIELD_CHANGE',							'CITY_HAS_1_TITLE_GOVERNOR_REQUIREMENTS_JNR'),
		('JNR_MINT_GOLD_2_TITLE',						'MODIFIER_BUILDING_YIELD_CHANGE',							'CITY_HAS_2_TITLE_GOVERNOR_REQUIREMENTS'),
		('JNR_MINT_GOLD_3_TITLE',						'MODIFIER_BUILDING_YIELD_CHANGE',							'CITY_HAS_3_TITLE_GOVERNOR_REQUIREMENTS_JNR'),
		('JNR_MINT_GOLD_4_TITLE',						'MODIFIER_BUILDING_YIELD_CHANGE',							'CITY_HAS_4_TITLE_GOVERNOR_REQUIREMENTS_JNR'),
		('JNR_MINT_GOLD_5_TITLE',						'MODIFIER_BUILDING_YIELD_CHANGE',							'CITY_HAS_5_TITLE_GOVERNOR_REQUIREMENTS_JNR'),
		('JNR_MINT_GOLD_6_TITLE',						'MODIFIER_BUILDING_YIELD_CHANGE',							'CITY_HAS_6_TITLE_GOVERNOR_REQUIREMENTS_JNR'),
		('JNR_BANK_GOLD_POPULATION',					'MODIFIER_SINGLE_CITY_ADJUST_CITY_YIELD_PER_POPULATION',	NULL),
		('JNR_MERCHANT_QUARTER_GOLD_ALLY_TRADE',		'MODIFIER_JNR_ALLIANCE_CITIES_BUILDING_YIELD_CHANGE',		'ALLIANCE_CITY_HAS_TRADE_ROUTE_WITH_ALLY'),
		('JNR_STOCK_EXCHANGE_GOLD',						'MODIFIER_SINGLE_CITY_ADJUST_CITY_YIELD_MODIFIER',			NULL),
		('JNR_MARKETING_AGENCY_GOLD_ENTERTAINMENT',		'MODIFIER_BUILDING_YIELD_CHANGE',							NULL),
		('JNR_FISHING_DOCK_FOOD_OCEAN_CARTOGRAPHY',		'MODIFIER_CITY_PLOT_YIELDS_ADJUST_PLOT_YIELD',				'PLOT_HAS_OCEAN_CARTOGRAPHY_JNR'),
		('JNR_FISHING_DOCK_PRODUCTION_FISHING_BOATS',	'MODIFIER_CITY_PLOT_YIELDS_ADJUST_PLOT_YIELD',				'PLOT_HAS_FISHINGBOATS_REQUIREMENTS'),
		('JNR_FISHING_DOCK_PRODUCTION_FISHERY',			'MODIFIER_CITY_PLOT_YIELDS_ADJUST_PLOT_YIELD',				'PLOT_HAS_FISHERY_REQUIREMENTS_JNR'),
		('JNR_TRADE_DOCK_GOLD_LUXURY',					'MODIFIER_CITY_PLOT_YIELDS_ADJUST_PLOT_YIELD',				'PLOT_HAS_LUXURY_RESOURCE_JNR'),
		('JNR_SHIPYARD_PRODUCTION_NO_FISHING',			'MODIFIER_CITY_PLOT_YIELDS_ADJUST_PLOT_YIELD',				'PLOT_HAS_COAST_NO_FISHING_IMPROVEMENT_JNR'),
		('JNR_HAVEN_COAST_GOLD',						'MODIFIER_CITY_PLOT_YIELDS_ADJUST_PLOT_YIELD',				'PLOT_HAS_COAST_REQUIREMENTS'),
		('JNR_HAVEN_OCEAN_GOLD',						'MODIFIER_CITY_PLOT_YIELDS_ADJUST_PLOT_YIELD',				'PLOT_HAS_OCEAN_ELECTRICITY_JNR'),
		('JNR_HAVEN_COAST_GOLD_FOREIGN',				'MODIFIER_CITY_PLOT_YIELDS_ADJUST_PLOT_YIELD',				'PLOT_HAS_COAST_REQUIREMENTS'),
		('JNR_HAVEN_OCEAN_GOLD_FOREIGN',				'MODIFIER_CITY_PLOT_YIELDS_ADJUST_PLOT_YIELD',				'PLOT_HAS_OCEAN_REQUIREMENTS_JNR'),
		('JNR_CONSULATE_SUZERAIN_GOLD_ATTACH',			'MODIFIER_ALL_PLAYERS_ATTACH_MODIFIER',						'PLAYER_IS_SUZERAIN'),
		('JNR_CONSULATE_SUZERAIN_GOLD',					'MODIFIER_PLAYER_CITIES_ADJUST_BUILDING_YIELD_CHANGE',		NULL),
		('JNR_SEAPORT_FOOD_FISHING_BOATS',				'MODIFIER_CITY_PLOT_YIELDS_ADJUST_PLOT_YIELD',				'PLOT_HAS_FISHINGBOATS_REQUIREMENTS'),
		('JNR_SEAPORT_FOOD_FISHERY',					'MODIFIER_CITY_PLOT_YIELDS_ADJUST_PLOT_YIELD',				'PLOT_HAS_FISHERY_REQUIREMENTS_JNR'),
		('JNR_SEAPORT_PRODUCTION_OFFSHORE_OIL_RIG',		'MODIFIER_CITY_PLOT_YIELDS_ADJUST_PLOT_YIELD',				'PLOT_HAS_OFFSHORE_OIL_RIG_REQUIREMENTS_JNR'),
		('JNR_SEAPORT_PRODUCTION_OFFSHORE_WIND_FARM',	'MODIFIER_CITY_PLOT_YIELDS_ADJUST_PLOT_YIELD',				'PLOT_HAS_OFFSHORE_WIND_REQUIREMENTS_JNR'),
		('JNR_SEAPORT_PRODUCTION_SEASTEAD',				'MODIFIER_CITY_PLOT_YIELDS_ADJUST_PLOT_YIELD',				'PLOT_HAS_SEASTEAD_REQUIREMENTS_JNR'),
		('JNR_CRUISE_TERMINAL_GOLD_ENTERTAINMENT',		'MODIFIER_BUILDING_YIELD_CHANGE',							NULL),
		('JNR_CRUISE_TERMINAL_GOLD_BEACH_RESORT',		'MODIFIER_CITY_PLOT_YIELDS_ADJUST_PLOT_YIELD',				'PLOT_HAS_BEACH_RESORT_JNR'),
		('JNR_CRUISE_TERMINAL_GOLD_WONDER',				'MODIFIER_SINGLE_CITY_ADJUST_WONDER_YIELD_CHANGE',			NULL);
		
UPDATE Modifiers SET OwnerRequirementSetId='DOCKYARD_FOREIGN_CONTINENT_REQUIREMENTS' WHERE ModifierId='JNR_HAVEN_COAST_GOLD_FOREIGN';
UPDATE Modifiers SET OwnerRequirementSetId='DOCKYARD_FOREIGN_CONTINENT_REQUIREMENTS' WHERE ModifierId='JNR_HAVEN_OCEAN_GOLD_FOREIGN';

INSERT OR IGNORE INTO Modifiers
		(ModifierId,									ModifierType)
SELECT	'JNR_MARKETING_AGENCY_' || GreatWorkObjectType,	'MODIFIER_SINGLE_CITY_ADJUST_GREATWORK_YIELD'
FROM	GreatWorkObjectTypes
WHERE	GreatWorkObjectType IS NOT NULL;

INSERT OR IGNORE INTO Modifiers
		(ModifierId,									ModifierType,												SubjectRequirementSetId)
SELECT	'JNR_MARKETING_AGENCY_GOLD_SKI_RESORT',			'MODIFIER_CITY_PLOT_YIELDS_ADJUST_PLOT_YIELD',				RequirementSetId
FROM	RequirementSets
WHERE	RequirementSetId='JNR_PLOT_IS_SKI_RESORT_REQUIREMENTS';
--------------------------------------------------------------

-- ModifierArguments
--------------------------------------------------------------
INSERT OR IGNORE INTO ModifierArguments
		(ModifierId,									Name,					Value)
VALUES	('JNR_MARKET_GOLD_BONUS',						'YieldType',			'YIELD_GOLD'),
		('JNR_MARKET_GOLD_BONUS',						'Amount',				1),
		('JNR_SUKIENNICE_GOLD_CLOTH',					'YieldType',			'YIELD_GOLD'),
		('JNR_SUKIENNICE_GOLD_CLOTH',					'Amount',				1),
		('JNR_MINT_GOLD_1_TITLE',						'BuildingType',			'BUILDING_JNR_MINT'),
		('JNR_MINT_GOLD_1_TITLE',						'YieldType',			'YIELD_GOLD'),
		('JNR_MINT_GOLD_1_TITLE',						'Amount',				1),
		('JNR_MINT_GOLD_2_TITLE',						'BuildingType',			'BUILDING_JNR_MINT'),
		('JNR_MINT_GOLD_2_TITLE',						'YieldType',			'YIELD_GOLD'),
		('JNR_MINT_GOLD_2_TITLE',						'Amount',				1),
		('JNR_MINT_GOLD_3_TITLE',						'BuildingType',			'BUILDING_JNR_MINT'),
		('JNR_MINT_GOLD_3_TITLE',						'YieldType',			'YIELD_GOLD'),
		('JNR_MINT_GOLD_3_TITLE',						'Amount',				1),
		('JNR_MINT_GOLD_4_TITLE',						'BuildingType',			'BUILDING_JNR_MINT'),
		('JNR_MINT_GOLD_4_TITLE',						'YieldType',			'YIELD_GOLD'),
		('JNR_MINT_GOLD_4_TITLE',						'Amount',				1),
		('JNR_MINT_GOLD_5_TITLE',						'BuildingType',			'BUILDING_JNR_MINT'),
		('JNR_MINT_GOLD_5_TITLE',						'YieldType',			'YIELD_GOLD'),
		('JNR_MINT_GOLD_5_TITLE',						'Amount',				1),
		('JNR_MINT_GOLD_6_TITLE',						'BuildingType',			'BUILDING_JNR_MINT'),
		('JNR_MINT_GOLD_6_TITLE',						'YieldType',			'YIELD_GOLD'),
		('JNR_MINT_GOLD_6_TITLE',						'Amount',				1),
		('JNR_BANK_GOLD_POPULATION',					'YieldType',			'YIELD_GOLD'),
		('JNR_BANK_GOLD_POPULATION',					'Amount',				0.5),
		('JNR_MERCHANT_QUARTER_GOLD_ALLY_TRADE',		'BuildingType',			'BUILDING_JNR_MERCHANT_QUARTER'),
		('JNR_MERCHANT_QUARTER_GOLD_ALLY_TRADE',		'YieldType',			'YIELD_GOLD'),
		('JNR_MERCHANT_QUARTER_GOLD_ALLY_TRADE',		'Amount',				2),
		('JNR_STOCK_EXCHANGE_GOLD',						'YieldType',			'YIELD_GOLD'),
		('JNR_STOCK_EXCHANGE_GOLD',						'Amount',				10),
		('JNR_MARKETING_AGENCY_GOLD_ENTERTAINMENT',		'BuildingType',			'BUILDING_JNR_MARKETING_AGENCY'),
		('JNR_MARKETING_AGENCY_GOLD_ENTERTAINMENT',		'YieldType',			'YIELD_GOLD'),
		('JNR_MARKETING_AGENCY_GOLD_ENTERTAINMENT',		'Amount',				2),
		('JNR_FISHING_DOCK_FOOD_OCEAN_CARTOGRAPHY',		'YieldType',			'YIELD_FOOD'),
		('JNR_FISHING_DOCK_FOOD_OCEAN_CARTOGRAPHY',		'Amount',				1),
		('JNR_FISHING_DOCK_PRODUCTION_FISHING_BOATS',	'YieldType',			'YIELD_PRODUCTION'),
		('JNR_FISHING_DOCK_PRODUCTION_FISHING_BOATS',	'Amount',				1),
		('JNR_FISHING_DOCK_PRODUCTION_FISHERY',			'YieldType',			'YIELD_PRODUCTION'),
		('JNR_FISHING_DOCK_PRODUCTION_FISHERY',			'Amount',				1),
		('JNR_TRADE_DOCK_GOLD_LUXURY',					'YieldType',			'YIELD_GOLD'),
		('JNR_TRADE_DOCK_GOLD_LUXURY',					'Amount',				1),
		('JNR_SHIPYARD_PRODUCTION_NO_FISHING',			'YieldType',			'YIELD_PRODUCTION'),
		('JNR_SHIPYARD_PRODUCTION_NO_FISHING',			'Amount',				1),
		('JNR_HAVEN_COAST_GOLD',						'YieldType',			'YIELD_GOLD'),
		('JNR_HAVEN_COAST_GOLD',						'Amount',				1),
		('JNR_HAVEN_OCEAN_GOLD',						'YieldType',			'YIELD_GOLD'),
		('JNR_HAVEN_OCEAN_GOLD',						'Amount',				1),
		('JNR_HAVEN_COAST_GOLD_FOREIGN',				'YieldType',			'YIELD_GOLD'),
		('JNR_HAVEN_COAST_GOLD_FOREIGN',				'Amount',				1),
		('JNR_HAVEN_OCEAN_GOLD_FOREIGN',				'YieldType',			'YIELD_GOLD'),
		('JNR_HAVEN_OCEAN_GOLD_FOREIGN',				'Amount',				1),
		('JNR_CONSULATE_SUZERAIN_GOLD_ATTACH',			'ModifierId',			'JNR_CONSULATE_SUZERAIN_GOLD'),
		('JNR_CONSULATE_SUZERAIN_GOLD',					'BuildingType',			'BUILDING_JNR_CONSULATE'),
		('JNR_CONSULATE_SUZERAIN_GOLD',					'YieldType',			'YIELD_GOLD'),
		('JNR_CONSULATE_SUZERAIN_GOLD',					'Amount',				1),
		('JNR_SEAPORT_FOOD_FISHING_BOATS',				'YieldType',			'YIELD_FOOD'),
		('JNR_SEAPORT_FOOD_FISHING_BOATS',				'Amount',				1),
		('JNR_SEAPORT_FOOD_FISHERY',					'YieldType',			'YIELD_FOOD'),
		('JNR_SEAPORT_FOOD_FISHERY',					'Amount',				1),
		('JNR_SEAPORT_PRODUCTION_OFFSHORE_OIL_RIG',		'YieldType',			'YIELD_PRODUCTION'),
		('JNR_SEAPORT_PRODUCTION_OFFSHORE_OIL_RIG',		'Amount',				1),
		('JNR_SEAPORT_PRODUCTION_OFFSHORE_WIND_FARM',	'YieldType',			'YIELD_PRODUCTION'),
		('JNR_SEAPORT_PRODUCTION_OFFSHORE_WIND_FARM',	'Amount',				1),
		('JNR_SEAPORT_PRODUCTION_SEASTEAD',				'YieldType',			'YIELD_PRODUCTION'),
		('JNR_SEAPORT_PRODUCTION_SEASTEAD',				'Amount',				1),
		('JNR_CRUISE_TERMINAL_GOLD_ENTERTAINMENT',		'BuildingType',			'BUILDING_JNR_CRUISE_TERMINAL'),
		('JNR_CRUISE_TERMINAL_GOLD_ENTERTAINMENT',		'YieldType',			'YIELD_GOLD'),
		('JNR_CRUISE_TERMINAL_GOLD_ENTERTAINMENT',		'Amount',				2),
		('JNR_CRUISE_TERMINAL_GOLD_BEACH_RESORT',		'YieldType',			'YIELD_GOLD'),
		('JNR_CRUISE_TERMINAL_GOLD_BEACH_RESORT',		'Amount',				1),
		('JNR_CRUISE_TERMINAL_GOLD_WONDER',				'YieldType',			'YIELD_GOLD'),
		('JNR_CRUISE_TERMINAL_GOLD_WONDER',				'Amount',				4);

INSERT OR IGNORE INTO ModifierArguments
		(ModifierId,									Name,					Value)
SELECT	'JNR_MARKETING_AGENCY_' || GreatWorkObjectType,	'GreatWorkObjectType',	GreatWorkObjectType
FROM	GreatWorkObjectTypes
WHERE	GreatWorkObjectType IS NOT NULL;

INSERT OR IGNORE INTO ModifierArguments
		(ModifierId,									Name,					Value)
SELECT	'JNR_MARKETING_AGENCY_' || GreatWorkObjectType,	'YieldType',			'YIELD_GOLD'
FROM	GreatWorkObjectTypes
WHERE	GreatWorkObjectType IS NOT NULL;

INSERT OR IGNORE INTO ModifierArguments
		(ModifierId,									Name,					Value)
SELECT	'JNR_MARKETING_AGENCY_' || GreatWorkObjectType,	'YieldChange',			2
FROM	GreatWorkObjectTypes
WHERE	GreatWorkObjectType IS NOT NULL;

INSERT OR IGNORE INTO ModifierArguments
		(ModifierId,									Name,					Value)
SELECT	'JNR_MARKETING_AGENCY_GOLD_SKI_RESORT',			'YieldType',			'YIELD_GOLD'
FROM	RequirementSets
WHERE	RequirementSetId='JNR_PLOT_IS_SKI_RESORT_REQUIREMENTS';

INSERT OR IGNORE INTO ModifierArguments
		(ModifierId,									Name,					Value)
SELECT	'JNR_MARKETING_AGENCY_GOLD_SKI_RESORT',			'Amount',				1
FROM	RequirementSets
WHERE	RequirementSetId='JNR_PLOT_IS_SKI_RESORT_REQUIREMENTS';
--------------------------------------------------------------

-- BuildingModifiers
--------------------------------------------------------------
INSERT OR IGNORE INTO BuildingModifiers
		(BuildingType,						ModifierId)
VALUES	('BUILDING_MARKET',					'JNR_MARKET_GOLD_BONUS'),
		('BUILDING_JNR_MINT',				'JNR_MINT_GOLD_1_TITLE'),
		('BUILDING_JNR_MINT',				'JNR_MINT_GOLD_2_TITLE'),
		('BUILDING_JNR_MINT',				'JNR_MINT_GOLD_3_TITLE'),
		('BUILDING_JNR_MINT',				'JNR_MINT_GOLD_4_TITLE'),
		('BUILDING_JNR_MINT',				'JNR_MINT_GOLD_5_TITLE'),
		('BUILDING_JNR_MINT',				'JNR_MINT_GOLD_6_TITLE'),
		('BUILDING_BANK',					'JNR_BANK_GOLD_POPULATION'),
		('BUILDING_STOCK_EXCHANGE',			'JNR_STOCK_EXCHANGE_GOLD'),
		('BUILDING_LIGHTHOUSE',				'JNR_FISHING_DOCK_FOOD_OCEAN_CARTOGRAPHY'),
		('BUILDING_LIGHTHOUSE',				'JNR_FISHING_DOCK_PRODUCTION_FISHING_BOATS'),
		('BUILDING_LIGHTHOUSE',				'JNR_FISHING_DOCK_PRODUCTION_FISHERY'),
		('BUILDING_JNR_WHARF_FISHING',		'LIGHTHOUSE_COAST_FOOD'),
		('BUILDING_JNR_WHARF_FISHING',		'JNR_FISHING_DOCK_FOOD_OCEAN_CARTOGRAPHY'),
		('BUILDING_JNR_WHARF_FISHING',		'JNR_FISHING_DOCK_PRODUCTION_FISHING_BOATS'),
		('BUILDING_JNR_WHARF_FISHING',		'JNR_FISHING_DOCK_PRODUCTION_FISHERY'),
		('BUILDING_JNR_WHARF_TRADE',		'JNR_TRADE_DOCK_GOLD_LUXURY'),
		('BUILDING_JNR_LIGHTHOUSE_TRADE',	'JNR_TRADE_DOCK_GOLD_LUXURY'),
		('BUILDING_SHIPYARD',				'JNR_SHIPYARD_PRODUCTION_NO_FISHING'),
		('BUILDING_JNR_HAVEN',				'JNR_SHIPYARD_PRODUCTION_NO_FISHING'),
		('BUILDING_JNR_CONSULATE',			'JNR_SHIPYARD_PRODUCTION_NO_FISHING'),
		('BUILDING_JNR_HAVEN',				'JNR_HAVEN_COAST_GOLD'),
		('BUILDING_JNR_HAVEN',				'JNR_HAVEN_OCEAN_GOLD'),
		('BUILDING_JNR_HAVEN',				'JNR_HAVEN_COAST_GOLD_FOREIGN'),
		('BUILDING_JNR_HAVEN',				'JNR_HAVEN_OCEAN_GOLD_FOREIGN'),
		('BUILDING_SEAPORT',				'JNR_SEAPORT_FOOD_FISHING_BOATS'),
		('BUILDING_SEAPORT',				'JNR_SEAPORT_FOOD_FISHERY'),
		('BUILDING_SEAPORT',				'JNR_SEAPORT_PRODUCTION_OFFSHORE_OIL_RIG'),
		('BUILDING_SEAPORT',				'JNR_SEAPORT_PRODUCTION_OFFSHORE_WIND_FARM'),
		('BUILDING_SEAPORT',				'JNR_SEAPORT_PRODUCTION_SEASTEAD'),
		('BUILDING_JNR_CRUISE_TERMINAL',	'JNR_CRUISE_TERMINAL_GOLD_BEACH_RESORT'),
		('BUILDING_JNR_CRUISE_TERMINAL',	'JNR_CRUISE_TERMINAL_GOLD_WONDER');

DELETE FROM BuildingModifiers WHERE BuildingType='BUILDING_SHIPYARD'	AND ModifierId='SHIPYARD_UNIMPROVED_COAST_PRODUCTION';
DELETE FROM BuildingModifiers WHERE BuildingType='BUILDING_SEAPORT'		AND ModifierId='SEAPORT_COAST_GOLD';

INSERT OR IGNORE INTO BuildingModifiers
		(BuildingType,						ModifierId)
SELECT	'BUILDING_JNR_MARKETING_AGENCY',	'JNR_MARKETING_AGENCY_' || GreatWorkObjectType
FROM	GreatWorkObjectTypes
WHERE	GreatWorkObjectType IS NOT NULL;

INSERT OR IGNORE INTO BuildingModifiers
		(BuildingType,						ModifierId)
SELECT	BuildingType,						'JNR_MARKETING_AGENCY_GOLD_ENTERTAINMENT'
FROM	Buildings
WHERE	PrereqDistrict='DISTRICT_ENTERTAINMENT_COMPLEX';

INSERT OR IGNORE INTO BuildingModifiers
		(BuildingType,						ModifierId)
SELECT	'BUILDING_JNR_MARKETING_AGENCY',	'JNR_MARKETING_AGENCY_GOLD_SKI_RESORT'
FROM	Improvement_YieldChanges
WHERE	ImprovementType='IMPROVEMENT_SKI_RESORT';

UPDATE	Buildings
SET		Description='LOC_BUILDING_JNR_MARKETING_AGENCY_DESCRIPTION_SKI'
WHERE	BuildingType=(SELECT BuildingType FROM BuildingModifiers WHERE BuildingType='BUILDING_JNR_MARKETING_AGENCY' AND ModifierId='JNR_MARKETING_AGENCY_GOLD_SKI_RESORT');

INSERT OR IGNORE INTO BuildingModifiers
		(BuildingType,						ModifierId)
SELECT	BuildingType,						'JNR_CRUISE_TERMINAL_GOLD_ENTERTAINMENT'
FROM	Buildings
WHERE	PrereqDistrict='DISTRICT_WATER_ENTERTAINMENT_COMPLEX';

--	INSERT OR IGNORE INTO BuildingModifiers
--			(BuildingType,						ModifierId)
--	SELECT	BuildingType,						'JNR_SUKIENNICE_GOLD_CLOTH'
--	FROM	Buildings
--	WHERE	BuildingType='BUILDING_SUKIENNICE';
--------------------------------------------------------------

-- AllianceEffects
--------------------------------------------------------------
INSERT OR IGNORE INTO AllianceEffects
		(LevelRequirement,	AllianceType,	ModifierID)
SELECT	1,					AllianceType,	'JNR_MERCHANT_QUARTER_GOLD_ALLY_TRADE'
FROM	Alliances
WHERE	AllianceType IS NOT NULL;
--------------------------------------------------------------

-- TraitModifiers
--------------------------------------------------------------
INSERT OR IGNORE INTO TraitModifiers
		(TraitType,					ModifierId)
VALUES	('MINOR_CIV_DEFAULT_TRAIT',	'JNR_CONSULATE_SUZERAIN_GOLD_ATTACH');
--------------------------------------------------------------