-- UC_MIL_Requirements
-- Author: JNR
--------------------------------------------------------------

-- Requirements
--------------------------------------------------------------
INSERT OR IGNORE INTO Requirements
		(RequirementId,							RequirementType)
VALUES	('REQUIRES_CITY_HAS_TARGET_RANGE_JNR',	'REQUIREMENT_CITY_HAS_BUILDING'),
		('REQUIRES_CITY_HAS_CAVALIER_JNR',		'REQUIREMENT_CITY_HAS_BUILDING'),
		('REQUIRES_CITY_HAS_DEPOT_JNR',			'REQUIREMENT_CITY_HAS_BUILDING'),
		('REQUIRES_CITY_HAS_ARSENAL_JNR',		'REQUIREMENT_CITY_HAS_BUILDING'),
		('REQUIRES_CITY_HAS_PRISON_JNR',		'REQUIREMENT_CITY_HAS_BUILDING'),
		('REQUIRES_CITY_HAS_NAVAL_BASE_JNR',	'REQUIREMENT_CITY_HAS_BUILDING'),
		('REQUIRES_CITY_HAS_HANGAR_JNR',		'REQUIREMENT_CITY_HAS_BUILDING');
--------------------------------------------------------------

-- RequirementArguments
--------------------------------------------------------------
INSERT OR IGNORE INTO RequirementArguments
		(RequirementId,							Name,				Value)
VALUES	('REQUIRES_CITY_HAS_TARGET_RANGE_JNR',	'BuildingType',		'BUILDING_JNR_TARGET_RANGE'),
		('REQUIRES_CITY_HAS_CAVALIER_JNR',		'BuildingType',		'BUILDING_JNR_CAVALIER'),
		('REQUIRES_CITY_HAS_DEPOT_JNR',			'BuildingType',		'BUILDING_JNR_DEPOT'),
		('REQUIRES_CITY_HAS_ARSENAL_JNR',		'BuildingType',		'BUILDING_JNR_ARSENAL'),
		('REQUIRES_CITY_HAS_PRISON_JNR',		'BuildingType',		'BUILDING_JNR_PRISON'),
		('REQUIRES_CITY_HAS_NAVAL_BASE_JNR',	'BuildingType',		'BUILDING_JNR_NAVAL_BASE'),
		('REQUIRES_CITY_HAS_HANGAR_JNR',		'BuildingType',		'BUILDING_HANGAR');
--------------------------------------------------------------

-- RequirementSets
--------------------------------------------------------------
INSERT OR IGNORE INTO RequirementSets
		(RequirementSetId,									RequirementSetType)
VALUES	('BUILDING_IS_ENCAMPMENT_TIER1_JNR',				'REQUIREMENTSET_TEST_ANY'),
		('BUILDING_IS_ENCAMPMENT_TIER2_JNR',				'REQUIREMENTSET_TEST_ANY'),
		('BUILDING_IS_ENCAMPMENT_TIER3_JNR',				'REQUIREMENTSET_TEST_ANY'),
		('BUILDING_IS_NAVAL_BASE_JNR',						'REQUIREMENTSET_TEST_ALL'),
		('BUILDING_IS_HARBOR_TIER3_JNR',					'REQUIREMENTSET_TEST_ANY'),
		('INTEGRATEDSPACECELL_BUILDING_REQUIREMENTS_JNR',	'REQUIREMENTSET_TEST_ANY');
--------------------------------------------------------------

-- RequirementSetRequirements
--------------------------------------------------------------
INSERT OR IGNORE INTO RequirementSetRequirements
		(RequirementSetId,									RequirementId)
VALUES	('BUILDING_IS_ENCAMPMENT_TIER1_JNR',				'REQUIRES_CITY_HAS_BARRACKS'),
		('BUILDING_IS_ENCAMPMENT_TIER1_JNR',				'REQUIRES_CITY_HAS_STABLE'),
		('BUILDING_IS_ENCAMPMENT_TIER1_JNR',				'REQUIRES_CITY_HAS_TARGET_RANGE_JNR'),
		('BUILDING_IS_ENCAMPMENT_TIER2_JNR',				'REQUIRES_CITY_HAS_ARMORY'),
		('BUILDING_IS_ENCAMPMENT_TIER2_JNR',				'REQUIRES_CITY_HAS_CAVALIER_JNR'),
		('BUILDING_IS_ENCAMPMENT_TIER2_JNR',				'REQUIRES_CITY_HAS_DEPOT_JNR'),
		('BUILDING_IS_ENCAMPMENT_TIER3_JNR',				'REQUIRES_CITY_HAS_MILITARY_ACADEMY'),
		('BUILDING_IS_ENCAMPMENT_TIER3_JNR',				'REQUIRES_CITY_HAS_ARSENAL_JNR'),
		('BUILDING_IS_ENCAMPMENT_TIER3_JNR',				'REQUIRES_CITY_HAS_PRISON_JNR'),
		('BUILDING_IS_NAVAL_BASE_JNR',						'REQUIRES_CITY_HAS_NAVAL_BASE_JNR'),
		('BUILDING_IS_HARBOR_TIER3_JNR',					'REQUIRES_CITY_HAS_SEAPORT'),
		('BUILDING_IS_HARBOR_TIER3_JNR',					'REQUIRES_CITY_HAS_NAVAL_BASE_JNR'),
		('INTEGRATEDSPACECELL_BUILDING_REQUIREMENTS_JNR',	'REQUIRES_CITY_HAS_MILITARY_ACADEMY'),
		('INTEGRATEDSPACECELL_BUILDING_REQUIREMENTS_JNR',	'REQUIRES_CITY_HAS_ARSENAL_JNR'),
		('INTEGRATEDSPACECELL_BUILDING_REQUIREMENTS_JNR',	'REQUIRES_CITY_HAS_PRISON_JNR'),
		('INTEGRATEDSPACECELL_BUILDING_REQUIREMENTS_JNR',	'REQUIRES_CITY_HAS_NAVAL_BASE_JNR'),
		('INTEGRATEDSPACECELL_BUILDING_REQUIREMENTS_JNR',	'REQUIRES_CITY_HAS_HANGAR_JNR');
--------------------------------------------------------------