-- Tier_3_City_State_Bonuses_pok
-- Author: JNR
--------------------------------------------------------------

-- TraitModifiers
--------------------------------------------------------------
INSERT OR REPLACE INTO TraitModifiers
		(ModifierId,														TraitType)
SELECT	'MINOR_CIV_RELIGIOUS_UNIQUE_INFLUENCE_BONUS_POK_ATASHKADEH_JNR',	'MINOR_CIV_RELIGIOUS_TRAIT'	FROM Buildings WHERE BuildingType='POK_BUILDING_ATASHKADEH';
INSERT OR REPLACE INTO TraitModifiers
		(ModifierId,														TraitType)
SELECT	'MINOR_CIV_RELIGIOUS_UNIQUE_INFLUENCE_BONUS_POK_POSEIDONION_JNR',	'MINOR_CIV_RELIGIOUS_TRAIT'	FROM Buildings WHERE BuildingType='POK_BUILDING_POSEIDONION';
INSERT OR REPLACE INTO TraitModifiers
		(ModifierId,														TraitType)
SELECT	'MINOR_CIV_RELIGIOUS_UNIQUE_INFLUENCE_BONUS_POK_SATURNIUM_JNR',		'MINOR_CIV_RELIGIOUS_TRAIT'	FROM Buildings WHERE BuildingType='POK_BUILDING_SATURNIUM';
INSERT OR REPLACE INTO TraitModifiers
		(ModifierId,														TraitType)
SELECT	'MINOR_CIV_RELIGIOUS_UNIQUE_INFLUENCE_BONUS_POK_MINERVIUM_JNR',		'MINOR_CIV_RELIGIOUS_TRAIT'	FROM Buildings WHERE BuildingType='POK_BUILDING_MINERVIUM';
INSERT OR REPLACE INTO TraitModifiers
		(ModifierId,														TraitType)
SELECT	'MINOR_CIV_RELIGIOUS_UNIQUE_INFLUENCE_BONUS_POK_SERAPEUM_JNR',		'MINOR_CIV_RELIGIOUS_TRAIT'	FROM Buildings WHERE BuildingType='POK_BUILDING_SERAPEUM';
INSERT OR REPLACE INTO TraitModifiers
		(ModifierId,														TraitType)
SELECT	'MINOR_CIV_RELIGIOUS_UNIQUE_INFLUENCE_BONUS_POK_SURAU_JNR',			'MINOR_CIV_RELIGIOUS_TRAIT'	FROM Buildings WHERE BuildingType='POK_BUILDING_SURAU';
INSERT OR REPLACE INTO TraitModifiers
		(ModifierId,														TraitType)
SELECT	'MINOR_CIV_RELIGIOUS_UNIQUE_INFLUENCE_BONUS_POK_PRIORY_JNR',		'MINOR_CIV_RELIGIOUS_TRAIT'	FROM Buildings WHERE BuildingType='POK_BUILDING_PRIORY';
INSERT OR REPLACE INTO TraitModifiers
		(ModifierId,														TraitType)
SELECT	'MINOR_CIV_RELIGIOUS_UNIQUE_INFLUENCE_BONUS_POK_CHAPEL_JNR',		'MINOR_CIV_RELIGIOUS_TRAIT'	FROM Buildings WHERE BuildingType='POK_BUILDING_CHAPEL';
--------------------------------------------------------------

-- Modifiers and ModifierArguments (Attach Modifier System)
--------------------------------------------------------------
INSERT OR REPLACE INTO Modifiers
		(ModifierId,														ModifierType,							SubjectRequirementSetId)
VALUES	('MINOR_CIV_RELIGIOUS_UNIQUE_INFLUENCE_BONUS_POK_ATASHKADEH_JNR',	'MODIFIER_ALL_PLAYERS_ATTACH_MODIFIER',	'JNR_PLAYER_IS_SUZERAIN_OR_HAS_ENORMOUS_INFLUENCE'),
		('MINOR_CIV_RELIGIOUS_UNIQUE_INFLUENCE_BONUS_POK_POSEIDONION_JNR',	'MODIFIER_ALL_PLAYERS_ATTACH_MODIFIER',	'JNR_PLAYER_IS_SUZERAIN_OR_HAS_ENORMOUS_INFLUENCE'),
		('MINOR_CIV_RELIGIOUS_UNIQUE_INFLUENCE_BONUS_POK_SATURNIUM_JNR',	'MODIFIER_ALL_PLAYERS_ATTACH_MODIFIER',	'JNR_PLAYER_IS_SUZERAIN_OR_HAS_ENORMOUS_INFLUENCE'),
		('MINOR_CIV_RELIGIOUS_UNIQUE_INFLUENCE_BONUS_POK_MINERVIUM_JNR',	'MODIFIER_ALL_PLAYERS_ATTACH_MODIFIER',	'JNR_PLAYER_IS_SUZERAIN_OR_HAS_ENORMOUS_INFLUENCE'),
		('MINOR_CIV_RELIGIOUS_UNIQUE_INFLUENCE_BONUS_POK_SERAPEUM_JNR',		'MODIFIER_ALL_PLAYERS_ATTACH_MODIFIER',	'JNR_PLAYER_IS_SUZERAIN_OR_HAS_ENORMOUS_INFLUENCE'),
		('MINOR_CIV_RELIGIOUS_UNIQUE_INFLUENCE_BONUS_POK_SURAU_JNR',		'MODIFIER_ALL_PLAYERS_ATTACH_MODIFIER',	'JNR_PLAYER_IS_SUZERAIN_OR_HAS_ENORMOUS_INFLUENCE'),
		('MINOR_CIV_RELIGIOUS_UNIQUE_INFLUENCE_BONUS_POK_PRIORY_JNR',		'MODIFIER_ALL_PLAYERS_ATTACH_MODIFIER',	'JNR_PLAYER_IS_SUZERAIN_OR_HAS_ENORMOUS_INFLUENCE'),
		('MINOR_CIV_RELIGIOUS_UNIQUE_INFLUENCE_BONUS_POK_CHAPEL_JNR',		'MODIFIER_ALL_PLAYERS_ATTACH_MODIFIER',	'JNR_PLAYER_IS_SUZERAIN_OR_HAS_ENORMOUS_INFLUENCE');
		
INSERT OR REPLACE INTO ModifierArguments
		(ModifierId,														Name,			Value)
VALUES	('MINOR_CIV_RELIGIOUS_UNIQUE_INFLUENCE_BONUS_POK_ATASHKADEH_JNR',	'ModifierId',	'MINOR_CIV_RELIGIOUS_YIELD_FOR_POK_ATASHKADEH_JNR'),
		('MINOR_CIV_RELIGIOUS_UNIQUE_INFLUENCE_BONUS_POK_POSEIDONION_JNR',	'ModifierId',	'MINOR_CIV_RELIGIOUS_YIELD_FOR_POK_POSEIDONION_JNR'),
		('MINOR_CIV_RELIGIOUS_UNIQUE_INFLUENCE_BONUS_POK_SATURNIUM_JNR',	'ModifierId',	'MINOR_CIV_RELIGIOUS_YIELD_FOR_POK_SATURNIUM_JNR'),
		('MINOR_CIV_RELIGIOUS_UNIQUE_INFLUENCE_BONUS_POK_MINERVIUM_JNR',	'ModifierId',	'MINOR_CIV_RELIGIOUS_YIELD_FOR_POK_MINERVIUM_JNR'),
		('MINOR_CIV_RELIGIOUS_UNIQUE_INFLUENCE_BONUS_POK_SERAPEUM_JNR',		'ModifierId',	'MINOR_CIV_RELIGIOUS_YIELD_FOR_POK_SERAPEUM_JNR'),
		('MINOR_CIV_RELIGIOUS_UNIQUE_INFLUENCE_BONUS_POK_SURAU_JNR',		'ModifierId',	'MINOR_CIV_RELIGIOUS_YIELD_FOR_POK_SURAU_JNR'),
		('MINOR_CIV_RELIGIOUS_UNIQUE_INFLUENCE_BONUS_POK_PRIORY_JNR',		'ModifierId',	'MINOR_CIV_RELIGIOUS_YIELD_FOR_POK_PRIORY_JNR'),
		('MINOR_CIV_RELIGIOUS_UNIQUE_INFLUENCE_BONUS_POK_CHAPEL_JNR',		'ModifierId',	'MINOR_CIV_RELIGIOUS_YIELD_FOR_POK_CHAPEL_JNR');
--------------------------------------------------------------

-- Modifiers
--------------------------------------------------------------

INSERT OR REPLACE INTO Modifiers
		(ModifierId,											ModifierType)
VALUES	('MINOR_CIV_RELIGIOUS_YIELD_FOR_POK_ATASHKADEH_JNR',	'MODIFIER_PLAYER_CITIES_ADJUST_BUILDING_YIELD_CHANGE'),
		('MINOR_CIV_RELIGIOUS_YIELD_FOR_POK_POSEIDONION_JNR',	'MODIFIER_PLAYER_CITIES_ADJUST_BUILDING_YIELD_CHANGE'),
		('MINOR_CIV_RELIGIOUS_YIELD_FOR_POK_SATURNIUM_JNR',		'MODIFIER_PLAYER_CITIES_ADJUST_BUILDING_YIELD_CHANGE'),
		('MINOR_CIV_RELIGIOUS_YIELD_FOR_POK_MINERVIUM_JNR',		'MODIFIER_PLAYER_CITIES_ADJUST_BUILDING_YIELD_CHANGE'),
		('MINOR_CIV_RELIGIOUS_YIELD_FOR_POK_SERAPEUM_JNR',		'MODIFIER_PLAYER_CITIES_ADJUST_BUILDING_YIELD_CHANGE'),
		('MINOR_CIV_RELIGIOUS_YIELD_FOR_POK_SURAU_JNR',			'MODIFIER_PLAYER_CITIES_ADJUST_BUILDING_YIELD_CHANGE'),
		('MINOR_CIV_RELIGIOUS_YIELD_FOR_POK_PRIORY_JNR',		'MODIFIER_PLAYER_CITIES_ADJUST_BUILDING_YIELD_CHANGE'),
		('MINOR_CIV_RELIGIOUS_YIELD_FOR_POK_CHAPEL_JNR',		'MODIFIER_PLAYER_CITIES_ADJUST_BUILDING_YIELD_CHANGE');
--------------------------------------------------------------

-- ModifierArguments
--------------------------------------------------------------
INSERT OR REPLACE INTO ModifierArguments
		(ModifierId,											Name,			Value)
VALUES	('MINOR_CIV_RELIGIOUS_YIELD_FOR_POK_ATASHKADEH_JNR',	'YieldType',	'YIELD_FAITH'),
		('MINOR_CIV_RELIGIOUS_YIELD_FOR_POK_ATASHKADEH_JNR',	'Amount',		2),
		('MINOR_CIV_RELIGIOUS_YIELD_FOR_POK_POSEIDONION_JNR',	'YieldType',	'YIELD_FAITH'),
		('MINOR_CIV_RELIGIOUS_YIELD_FOR_POK_POSEIDONION_JNR',	'Amount',		2),
		('MINOR_CIV_RELIGIOUS_YIELD_FOR_POK_SATURNIUM_JNR',		'YieldType',	'YIELD_FAITH'),
		('MINOR_CIV_RELIGIOUS_YIELD_FOR_POK_SATURNIUM_JNR',		'Amount',		2),
		('MINOR_CIV_RELIGIOUS_YIELD_FOR_POK_MINERVIUM_JNR',		'YieldType',	'YIELD_FAITH'),
		('MINOR_CIV_RELIGIOUS_YIELD_FOR_POK_MINERVIUM_JNR',		'Amount',		2),
		('MINOR_CIV_RELIGIOUS_YIELD_FOR_POK_SERAPEUM_JNR',		'YieldType',	'YIELD_FAITH'),
		('MINOR_CIV_RELIGIOUS_YIELD_FOR_POK_SERAPEUM_JNR',		'Amount',		2),
		('MINOR_CIV_RELIGIOUS_YIELD_FOR_POK_SURAU_JNR',			'YieldType',	'YIELD_FAITH'),
		('MINOR_CIV_RELIGIOUS_YIELD_FOR_POK_SURAU_JNR',			'Amount',		2),
		('MINOR_CIV_RELIGIOUS_YIELD_FOR_POK_PRIORY_JNR',		'YieldType',	'YIELD_FAITH'),
		('MINOR_CIV_RELIGIOUS_YIELD_FOR_POK_PRIORY_JNR',		'Amount',		2),
		('MINOR_CIV_RELIGIOUS_YIELD_FOR_POK_CHAPEL_JNR',		'YieldType',	'YIELD_FAITH'),
		('MINOR_CIV_RELIGIOUS_YIELD_FOR_POK_CHAPEL_JNR',		'Amount',		2);

INSERT OR REPLACE INTO ModifierArguments
		(ModifierId,											Name,			Value)
SELECT	'MINOR_CIV_RELIGIOUS_YIELD_FOR_POK_ATASHKADEH_JNR',		'BuildingType',	a.BuildingType	FROM Buildings a WHERE a.BuildingType='POK_BUILDING_ATASHKADEH';
INSERT OR REPLACE INTO ModifierArguments
		(ModifierId,											Name,			Value)
SELECT	'MINOR_CIV_RELIGIOUS_YIELD_FOR_POK_ATASHKADEH_JNR',		'BuildingType',	a.BuildingType	FROM Buildings a WHERE a.BuildingType='POK_BUILDING_POSEIDONION';
INSERT OR REPLACE INTO ModifierArguments
		(ModifierId,											Name,			Value)
SELECT	'MINOR_CIV_RELIGIOUS_YIELD_FOR_POK_ATASHKADEH_JNR',		'BuildingType',	a.BuildingType	FROM Buildings a WHERE a.BuildingType='POK_BUILDING_SATURNIUM';
INSERT OR REPLACE INTO ModifierArguments
		(ModifierId,											Name,			Value)
SELECT	'MINOR_CIV_RELIGIOUS_YIELD_FOR_POK_ATASHKADEH_JNR',		'BuildingType',	a.BuildingType	FROM Buildings a WHERE a.BuildingType='POK_BUILDING_MINERVIUM';
INSERT OR REPLACE INTO ModifierArguments
		(ModifierId,											Name,			Value)
SELECT	'MINOR_CIV_RELIGIOUS_YIELD_FOR_POK_ATASHKADEH_JNR',		'BuildingType',	a.BuildingType	FROM Buildings a WHERE a.BuildingType='POK_BUILDING_SERAPEUM';
INSERT OR REPLACE INTO ModifierArguments
		(ModifierId,											Name,			Value)
SELECT	'MINOR_CIV_RELIGIOUS_YIELD_FOR_POK_ATASHKADEH_JNR',		'BuildingType',	a.BuildingType	FROM Buildings a WHERE a.BuildingType='POK_BUILDING_SURAU';
INSERT OR REPLACE INTO ModifierArguments
		(ModifierId,											Name,			Value)
SELECT	'MINOR_CIV_RELIGIOUS_YIELD_FOR_POK_ATASHKADEH_JNR',		'BuildingType',	a.BuildingType	FROM Buildings a WHERE a.BuildingType='POK_BUILDING_PRIORY';
INSERT OR REPLACE INTO ModifierArguments
		(ModifierId,											Name,			Value)
SELECT	'MINOR_CIV_RELIGIOUS_YIELD_FOR_POK_ATASHKADEH_JNR',		'BuildingType',	a.BuildingType	FROM Buildings a WHERE a.BuildingType='POK_BUILDING_CHAPEL';
--------------------------------------------------------------

-- ModifierStrings
--------------------------------------------------------------
INSERT OR REPLACE INTO ModifierStrings
		(ModifierId,														Context,	Text)
VALUES	('MINOR_CIV_RELIGIOUS_UNIQUE_INFLUENCE_BONUS_POK_ATASHKADEH_JNR',	'Preview',	'LOC_MINOR_CIV_RELIGIOUS_UNIQUE_INFLUENCE_BONUS_POK_ATASHKADEH_JNR'),
		('MINOR_CIV_RELIGIOUS_UNIQUE_INFLUENCE_BONUS_POK_POSEIDONION_JNR',	'Preview',	'LOC_MINOR_CIV_RELIGIOUS_UNIQUE_INFLUENCE_BONUS_POK_POSEIDONION_JNR'),
		('MINOR_CIV_RELIGIOUS_UNIQUE_INFLUENCE_BONUS_POK_SATURNIUM_JNR',	'Preview',	'LOC_MINOR_CIV_RELIGIOUS_UNIQUE_INFLUENCE_BONUS_POK_SATURNIUM_JNR'),
		('MINOR_CIV_RELIGIOUS_UNIQUE_INFLUENCE_BONUS_POK_MINERVIUM_JNR',	'Preview',	'LOC_MINOR_CIV_RELIGIOUS_UNIQUE_INFLUENCE_BONUS_POK_MINERVIUM_JNR'),
		('MINOR_CIV_RELIGIOUS_UNIQUE_INFLUENCE_BONUS_POK_SERAPEUM_JNR',		'Preview',	'LOC_MINOR_CIV_RELIGIOUS_UNIQUE_INFLUENCE_BONUS_POK_SERAPEUM_JNR'),
		('MINOR_CIV_RELIGIOUS_UNIQUE_INFLUENCE_BONUS_POK_SURAU_JNR',		'Preview',	'LOC_MINOR_CIV_RELIGIOUS_UNIQUE_INFLUENCE_BONUS_POK_SURAU_JNR'),
		('MINOR_CIV_RELIGIOUS_UNIQUE_INFLUENCE_BONUS_POK_PRIORY_JNR',		'Preview',	'LOC_MINOR_CIV_RELIGIOUS_UNIQUE_INFLUENCE_BONUS_POK_PRIORY_JNR'),
		('MINOR_CIV_RELIGIOUS_UNIQUE_INFLUENCE_BONUS_POK_CHAPEL_JNR',		'Preview',	'LOC_MINOR_CIV_RELIGIOUS_UNIQUE_INFLUENCE_BONUS_POK_CHAPEL_JNR');
--------------------------------------------------------------