-- UC_CS3_Base
-- Author: JNR
--------------------------------------------------------------

-- TraitModifiers
--------------------------------------------------------------
INSERT OR REPLACE INTO TraitModifiers
		(ModifierId,														TraitType)
VALUES	('MINOR_CIV_SCIENTIFIC_UNIQUE_INFLUENCE_BONUS_JNR',					'MINOR_CIV_SCIENTIFIC_TRAIT'),
		('MINOR_CIV_TRADE_UNIQUE_INFLUENCE_BONUS_JNR',						'MINOR_CIV_TRADE_TRAIT'),
		('MINOR_CIV_CULTURAL_UNIQUE_INFLUENCE_BONUS_JNR',					'MINOR_CIV_CULTURAL_TRAIT'),
		('MINOR_CIV_MILITARISTIC_UNIQUE_INFLUENCE_BONUS_JNR',				'MINOR_CIV_MILITARISTIC_TRAIT'),
		('MINOR_CIV_INDUSTRIAL_UNIQUE_INFLUENCE_BONUS_BUILDING_JNR',		'MINOR_CIV_INDUSTRIAL_TRAIT'),
		('MINOR_CIV_INDUSTRIAL_UNIQUE_INFLUENCE_BONUS_DISTRICT_JNR',		'MINOR_CIV_INDUSTRIAL_TRAIT'),
		-- Worship
		('MINOR_CIV_RELIGIOUS_UNIQUE_INFLUENCE_BONUS_CATHEDRAL_JNR',		'MINOR_CIV_RELIGIOUS_TRAIT'),
		('MINOR_CIV_RELIGIOUS_UNIQUE_INFLUENCE_BONUS_DAR_E_MEHR_JNR',		'MINOR_CIV_RELIGIOUS_TRAIT'),
		('MINOR_CIV_RELIGIOUS_UNIQUE_INFLUENCE_BONUS_GURDWARA_JNR',			'MINOR_CIV_RELIGIOUS_TRAIT'),
		('MINOR_CIV_RELIGIOUS_UNIQUE_INFLUENCE_BONUS_MEETING_HOUSE_JNR',	'MINOR_CIV_RELIGIOUS_TRAIT'),
		('MINOR_CIV_RELIGIOUS_UNIQUE_INFLUENCE_BONUS_MOSQUE_JNR',			'MINOR_CIV_RELIGIOUS_TRAIT'),
		('MINOR_CIV_RELIGIOUS_UNIQUE_INFLUENCE_BONUS_PAGODA_JNR',			'MINOR_CIV_RELIGIOUS_TRAIT'),
		('MINOR_CIV_RELIGIOUS_UNIQUE_INFLUENCE_BONUS_STUPA_JNR',			'MINOR_CIV_RELIGIOUS_TRAIT'),
		('MINOR_CIV_RELIGIOUS_UNIQUE_INFLUENCE_BONUS_SYNAGOGUE_JNR',		'MINOR_CIV_RELIGIOUS_TRAIT'),
		('MINOR_CIV_RELIGIOUS_UNIQUE_INFLUENCE_BONUS_WAT_JNR',				'MINOR_CIV_RELIGIOUS_TRAIT');
--------------------------------------------------------------

-- Modifiers and ModifierArguments (Attach Modifier System)
--------------------------------------------------------------
INSERT OR REPLACE INTO Modifiers
		(ModifierId,														ModifierType,							SubjectRequirementSetId)
VALUES	('MINOR_CIV_SCIENTIFIC_UNIQUE_INFLUENCE_BONUS_JNR',					'MODIFIER_ALL_PLAYERS_ATTACH_MODIFIER',	'JNR_PLAYER_IS_SUZERAIN_OR_HAS_ENORMOUS_INFLUENCE'),
		('MINOR_CIV_TRADE_UNIQUE_INFLUENCE_BONUS_JNR',						'MODIFIER_ALL_PLAYERS_ATTACH_MODIFIER',	'JNR_PLAYER_IS_SUZERAIN_OR_HAS_ENORMOUS_INFLUENCE'),
		('MINOR_CIV_CULTURAL_UNIQUE_INFLUENCE_BONUS_JNR',					'MODIFIER_ALL_PLAYERS_ATTACH_MODIFIER',	'JNR_PLAYER_IS_SUZERAIN_OR_HAS_ENORMOUS_INFLUENCE'),
		('MINOR_CIV_MILITARISTIC_UNIQUE_INFLUENCE_BONUS_JNR',				'MODIFIER_ALL_PLAYERS_ATTACH_MODIFIER',	'JNR_PLAYER_IS_SUZERAIN_OR_HAS_ENORMOUS_INFLUENCE'),
		('MINOR_CIV_INDUSTRIAL_UNIQUE_INFLUENCE_BONUS_BUILDING_JNR',		'MODIFIER_ALL_PLAYERS_ATTACH_MODIFIER',	'JNR_PLAYER_IS_SUZERAIN_OR_HAS_ENORMOUS_INFLUENCE'),
		('MINOR_CIV_INDUSTRIAL_UNIQUE_INFLUENCE_BONUS_DISTRICT_JNR',		'MODIFIER_ALL_PLAYERS_ATTACH_MODIFIER',	'JNR_PLAYER_IS_SUZERAIN_OR_HAS_ENORMOUS_INFLUENCE'),
		-- Worship
		('MINOR_CIV_RELIGIOUS_UNIQUE_INFLUENCE_BONUS_CATHEDRAL_JNR',		'MODIFIER_ALL_PLAYERS_ATTACH_MODIFIER',	'JNR_PLAYER_IS_SUZERAIN_OR_HAS_ENORMOUS_INFLUENCE'),
		('MINOR_CIV_RELIGIOUS_UNIQUE_INFLUENCE_BONUS_DAR_E_MEHR_JNR',		'MODIFIER_ALL_PLAYERS_ATTACH_MODIFIER',	'JNR_PLAYER_IS_SUZERAIN_OR_HAS_ENORMOUS_INFLUENCE'),
		('MINOR_CIV_RELIGIOUS_UNIQUE_INFLUENCE_BONUS_GURDWARA_JNR',			'MODIFIER_ALL_PLAYERS_ATTACH_MODIFIER',	'JNR_PLAYER_IS_SUZERAIN_OR_HAS_ENORMOUS_INFLUENCE'),
		('MINOR_CIV_RELIGIOUS_UNIQUE_INFLUENCE_BONUS_MEETING_HOUSE_JNR',	'MODIFIER_ALL_PLAYERS_ATTACH_MODIFIER',	'JNR_PLAYER_IS_SUZERAIN_OR_HAS_ENORMOUS_INFLUENCE'),
		('MINOR_CIV_RELIGIOUS_UNIQUE_INFLUENCE_BONUS_MOSQUE_JNR',			'MODIFIER_ALL_PLAYERS_ATTACH_MODIFIER',	'JNR_PLAYER_IS_SUZERAIN_OR_HAS_ENORMOUS_INFLUENCE'),
		('MINOR_CIV_RELIGIOUS_UNIQUE_INFLUENCE_BONUS_PAGODA_JNR',			'MODIFIER_ALL_PLAYERS_ATTACH_MODIFIER',	'JNR_PLAYER_IS_SUZERAIN_OR_HAS_ENORMOUS_INFLUENCE'),
		('MINOR_CIV_RELIGIOUS_UNIQUE_INFLUENCE_BONUS_STUPA_JNR',			'MODIFIER_ALL_PLAYERS_ATTACH_MODIFIER',	'JNR_PLAYER_IS_SUZERAIN_OR_HAS_ENORMOUS_INFLUENCE'),
		('MINOR_CIV_RELIGIOUS_UNIQUE_INFLUENCE_BONUS_SYNAGOGUE_JNR',		'MODIFIER_ALL_PLAYERS_ATTACH_MODIFIER',	'JNR_PLAYER_IS_SUZERAIN_OR_HAS_ENORMOUS_INFLUENCE'),
		('MINOR_CIV_RELIGIOUS_UNIQUE_INFLUENCE_BONUS_WAT_JNR',				'MODIFIER_ALL_PLAYERS_ATTACH_MODIFIER',	'JNR_PLAYER_IS_SUZERAIN_OR_HAS_ENORMOUS_INFLUENCE');

INSERT OR REPLACE INTO ModifierArguments
		(ModifierId,														Name,			Value)
VALUES	('MINOR_CIV_SCIENTIFIC_UNIQUE_INFLUENCE_BONUS_JNR',					'ModifierId',	'MINOR_CIV_SCIENTIFIC_YIELD_FOR_RESEARCH_LAB_JNR'),
		('MINOR_CIV_TRADE_UNIQUE_INFLUENCE_BONUS_JNR',						'ModifierId',	'MINOR_CIV_TRADE_YIELD_FOR_STOCK_EXCHANGE_JNR'),
		('MINOR_CIV_CULTURAL_UNIQUE_INFLUENCE_BONUS_JNR',					'ModifierId',	'MINOR_CIV_CULTURAL_YIELD_FOR_BROADCAST_CENTER_JNR'),
		('MINOR_CIV_MILITARISTIC_UNIQUE_INFLUENCE_BONUS_JNR',				'ModifierId',	'MINOR_CIV_MILITARISTIC_PRODUCTION_FOR_MILITARY_ACADEMY_JNR'),
		('MINOR_CIV_INDUSTRIAL_UNIQUE_INFLUENCE_BONUS_BUILDING_JNR',		'ModifierId',	'MINOR_CIV_INDUSTRIAL_BUILDING_PRODUCTION_FOR_POWER_PLANT_JNR'),
		('MINOR_CIV_INDUSTRIAL_UNIQUE_INFLUENCE_BONUS_DISTRICT_JNR',		'ModifierId',	'MINOR_CIV_INDUSTRIAL_DISTRICT_PRODUCTION_FOR_POWER_PLANT_JNR'),
		-- Worship
		('MINOR_CIV_RELIGIOUS_UNIQUE_INFLUENCE_BONUS_CATHEDRAL_JNR',		'ModifierId',	'MINOR_CIV_RELIGIOUS_YIELD_FOR_CATHEDRAL_JNR'),
		('MINOR_CIV_RELIGIOUS_UNIQUE_INFLUENCE_BONUS_DAR_E_MEHR_JNR',		'ModifierId',	'MINOR_CIV_RELIGIOUS_YIELD_FOR_DAR_E_MEHR_JNR'),
		('MINOR_CIV_RELIGIOUS_UNIQUE_INFLUENCE_BONUS_GURDWARA_JNR',			'ModifierId',	'MINOR_CIV_RELIGIOUS_YIELD_FOR_GURDWARA_JNR'),
		('MINOR_CIV_RELIGIOUS_UNIQUE_INFLUENCE_BONUS_MEETING_HOUSE_JNR',	'ModifierId',	'MINOR_CIV_RELIGIOUS_YIELD_FOR_MEETING_HOUSE_JNR'),
		('MINOR_CIV_RELIGIOUS_UNIQUE_INFLUENCE_BONUS_MOSQUE_JNR',			'ModifierId',	'MINOR_CIV_RELIGIOUS_YIELD_FOR_MOSQUE_JNR'),
		('MINOR_CIV_RELIGIOUS_UNIQUE_INFLUENCE_BONUS_PAGODA_JNR',			'ModifierId',	'MINOR_CIV_RELIGIOUS_YIELD_FOR_PAGODA_JNR'),
		('MINOR_CIV_RELIGIOUS_UNIQUE_INFLUENCE_BONUS_STUPA_JNR',			'ModifierId',	'MINOR_CIV_RELIGIOUS_YIELD_FOR_STUPA_JNR'),
		('MINOR_CIV_RELIGIOUS_UNIQUE_INFLUENCE_BONUS_SYNAGOGUE_JNR',		'ModifierId',	'MINOR_CIV_RELIGIOUS_YIELD_FOR_SYNAGOGUE_JNR'),
		('MINOR_CIV_RELIGIOUS_UNIQUE_INFLUENCE_BONUS_WAT_JNR',				'ModifierId',	'MINOR_CIV_RELIGIOUS_YIELD_FOR_WAT_JNR');
--------------------------------------------------------------

-- Modifiers
--------------------------------------------------------------

INSERT OR REPLACE INTO Modifiers
		(ModifierId,														ModifierType,												SubjectRequirementSetId)
VALUES	('MINOR_CIV_SCIENTIFIC_YIELD_FOR_RESEARCH_LAB_JNR',					'MODIFIER_PLAYER_CITIES_ADJUST_BUILDING_YIELD_CHANGE',		NULL),
		('MINOR_CIV_TRADE_YIELD_FOR_STOCK_EXCHANGE_JNR',					'MODIFIER_PLAYER_CITIES_ADJUST_BUILDING_YIELD_CHANGE',		NULL),
		('MINOR_CIV_CULTURAL_YIELD_FOR_BROADCAST_CENTER_JNR',				'MODIFIER_PLAYER_CITIES_ADJUST_BUILDING_YIELD_CHANGE',		NULL),
		('MINOR_CIV_MILITARISTIC_PRODUCTION_FOR_MILITARY_ACADEMY_JNR',		'MODIFIER_PLAYER_CITIES_ADJUST_UNIT_PRODUCTION_CHANGE',		'JNR_BUILDING_IS_MILITARY_ACADEMY'),
		('MINOR_CIV_INDUSTRIAL_BUILDING_PRODUCTION_FOR_POWER_PLANT_JNR',	'MODIFIER_PLAYER_CITIES_ADJUST_BUILDING_PRODUCTION_CHANGE',	'JNR_BUILDING_IS_POWER_PLANT'),
		('MINOR_CIV_INDUSTRIAL_DISTRICT_PRODUCTION_FOR_POWER_PLANT_JNR',	'MODIFIER_PLAYER_CITIES_ADJUST_DISTRICT_PRODUCTION_CHANGE',	'JNR_BUILDING_IS_POWER_PLANT'),
		-- Worship
		('MINOR_CIV_RELIGIOUS_YIELD_FOR_CATHEDRAL_JNR',						'MODIFIER_PLAYER_CITIES_ADJUST_BUILDING_YIELD_CHANGE',		NULL),
		('MINOR_CIV_RELIGIOUS_YIELD_FOR_DAR_E_MEHR_JNR',					'MODIFIER_PLAYER_CITIES_ADJUST_BUILDING_YIELD_CHANGE',		NULL),
		('MINOR_CIV_RELIGIOUS_YIELD_FOR_GURDWARA_JNR',						'MODIFIER_PLAYER_CITIES_ADJUST_BUILDING_YIELD_CHANGE',		NULL),
		('MINOR_CIV_RELIGIOUS_YIELD_FOR_MEETING_HOUSE_JNR',					'MODIFIER_PLAYER_CITIES_ADJUST_BUILDING_YIELD_CHANGE',		NULL),
		('MINOR_CIV_RELIGIOUS_YIELD_FOR_MOSQUE_JNR',						'MODIFIER_PLAYER_CITIES_ADJUST_BUILDING_YIELD_CHANGE',		NULL),
		('MINOR_CIV_RELIGIOUS_YIELD_FOR_PAGODA_JNR',						'MODIFIER_PLAYER_CITIES_ADJUST_BUILDING_YIELD_CHANGE',		NULL),
		('MINOR_CIV_RELIGIOUS_YIELD_FOR_STUPA_JNR',							'MODIFIER_PLAYER_CITIES_ADJUST_BUILDING_YIELD_CHANGE',		NULL),
		('MINOR_CIV_RELIGIOUS_YIELD_FOR_SYNAGOGUE_JNR',						'MODIFIER_PLAYER_CITIES_ADJUST_BUILDING_YIELD_CHANGE',		NULL),
		('MINOR_CIV_RELIGIOUS_YIELD_FOR_WAT_JNR',							'MODIFIER_PLAYER_CITIES_ADJUST_BUILDING_YIELD_CHANGE',		NULL);
--------------------------------------------------------------

-- ModifierArguments
--------------------------------------------------------------
INSERT OR REPLACE INTO ModifierArguments
		(ModifierId,														Name,			Value)
VALUES	('MINOR_CIV_SCIENTIFIC_YIELD_FOR_RESEARCH_LAB_JNR',					'YieldType',	'YIELD_SCIENCE'),
		('MINOR_CIV_SCIENTIFIC_YIELD_FOR_RESEARCH_LAB_JNR',					'BuildingType',	'BUILDING_RESEARCH_LAB'),
		('MINOR_CIV_SCIENTIFIC_YIELD_FOR_RESEARCH_LAB_JNR',					'Amount',		2),
		('MINOR_CIV_TRADE_YIELD_FOR_STOCK_EXCHANGE_JNR',					'YieldType',	'YIELD_GOLD'),
		('MINOR_CIV_TRADE_YIELD_FOR_STOCK_EXCHANGE_JNR',					'BuildingType',	'BUILDING_STOCK_EXCHANGE'),
		('MINOR_CIV_TRADE_YIELD_FOR_STOCK_EXCHANGE_JNR',					'Amount',		4),
		('MINOR_CIV_CULTURAL_YIELD_FOR_BROADCAST_CENTER_JNR',				'YieldType',	'YIELD_CULTURE'),
		('MINOR_CIV_CULTURAL_YIELD_FOR_BROADCAST_CENTER_JNR',				'BuildingType',	'BUILDING_BROADCAST_CENTER'),
		('MINOR_CIV_CULTURAL_YIELD_FOR_BROADCAST_CENTER_JNR',				'Amount',		2),
		('MINOR_CIV_MILITARISTIC_PRODUCTION_FOR_MILITARY_ACADEMY_JNR',		'Amount',		2),
		('MINOR_CIV_INDUSTRIAL_BUILDING_PRODUCTION_FOR_POWER_PLANT_JNR',	'Amount',		2),
		('MINOR_CIV_INDUSTRIAL_DISTRICT_PRODUCTION_FOR_POWER_PLANT_JNR',	'Amount',		2),
		-- Worship
		('MINOR_CIV_RELIGIOUS_YIELD_FOR_CATHEDRAL_JNR',						'YieldType',	'YIELD_FAITH'),
		('MINOR_CIV_RELIGIOUS_YIELD_FOR_CATHEDRAL_JNR',						'BuildingType',	'BUILDING_CATHEDRAL'),
		('MINOR_CIV_RELIGIOUS_YIELD_FOR_CATHEDRAL_JNR',						'Amount',		2),
		('MINOR_CIV_RELIGIOUS_YIELD_FOR_DAR_E_MEHR_JNR',					'YieldType',	'YIELD_FAITH'),
		('MINOR_CIV_RELIGIOUS_YIELD_FOR_DAR_E_MEHR_JNR',					'BuildingType',	'BUILDING_DAR_E_MEHR'),
		('MINOR_CIV_RELIGIOUS_YIELD_FOR_DAR_E_MEHR_JNR',					'Amount',		2),
		('MINOR_CIV_RELIGIOUS_YIELD_FOR_GURDWARA_JNR',						'YieldType',	'YIELD_FAITH'),
		('MINOR_CIV_RELIGIOUS_YIELD_FOR_GURDWARA_JNR',						'BuildingType',	'BUILDING_GURDWARA'),
		('MINOR_CIV_RELIGIOUS_YIELD_FOR_GURDWARA_JNR',						'Amount',		2),
		('MINOR_CIV_RELIGIOUS_YIELD_FOR_MEETING_HOUSE_JNR',					'YieldType',	'YIELD_FAITH'),
		('MINOR_CIV_RELIGIOUS_YIELD_FOR_MEETING_HOUSE_JNR',					'BuildingType',	'BUILDING_MEETING_HOUSE'),
		('MINOR_CIV_RELIGIOUS_YIELD_FOR_MEETING_HOUSE_JNR',					'Amount',		2),
		('MINOR_CIV_RELIGIOUS_YIELD_FOR_MOSQUE_JNR',						'YieldType',	'YIELD_FAITH'),
		('MINOR_CIV_RELIGIOUS_YIELD_FOR_MOSQUE_JNR',						'BuildingType',	'BUILDING_MOSQUE'),
		('MINOR_CIV_RELIGIOUS_YIELD_FOR_MOSQUE_JNR',						'Amount',		2),
		('MINOR_CIV_RELIGIOUS_YIELD_FOR_PAGODA_JNR',						'YieldType',	'YIELD_FAITH'),
		('MINOR_CIV_RELIGIOUS_YIELD_FOR_PAGODA_JNR',						'BuildingType',	'BUILDING_PAGODA'),
		('MINOR_CIV_RELIGIOUS_YIELD_FOR_PAGODA_JNR',						'Amount',		2),
		('MINOR_CIV_RELIGIOUS_YIELD_FOR_STUPA_JNR',							'YieldType',	'YIELD_FAITH'),
		('MINOR_CIV_RELIGIOUS_YIELD_FOR_STUPA_JNR',							'BuildingType',	'BUILDING_STUPA'),
		('MINOR_CIV_RELIGIOUS_YIELD_FOR_STUPA_JNR',							'Amount',		2),
		('MINOR_CIV_RELIGIOUS_YIELD_FOR_SYNAGOGUE_JNR',						'YieldType',	'YIELD_FAITH'),
		('MINOR_CIV_RELIGIOUS_YIELD_FOR_SYNAGOGUE_JNR',						'BuildingType',	'BUILDING_SYNAGOGUE'),
		('MINOR_CIV_RELIGIOUS_YIELD_FOR_SYNAGOGUE_JNR',						'Amount',		2),
		('MINOR_CIV_RELIGIOUS_YIELD_FOR_WAT_JNR',							'YieldType',	'YIELD_FAITH'),
		('MINOR_CIV_RELIGIOUS_YIELD_FOR_WAT_JNR',							'BuildingType',	'BUILDING_WAT'),
		('MINOR_CIV_RELIGIOUS_YIELD_FOR_WAT_JNR',							'Amount',		2);
--------------------------------------------------------------


-- RequirementSets
--------------------------------------------------------------
INSERT OR REPLACE INTO RequirementSets
		(RequirementSetId,										RequirementSetType)
VALUES	('JNR_PLAYER_IS_SUZERAIN_OR_HAS_ENORMOUS_INFLUENCE',	'REQUIREMENTSET_TEST_ANY'),
		('JNR_BUILDING_IS_MILITARY_ACADEMY',					'REQUIREMENTSET_TEST_ALL'),
		('JNR_BUILDING_IS_POWER_PLANT',							'REQUIREMENTSET_TEST_ALL');
--------------------------------------------------------------

-- RequirementSetRequirements
--------------------------------------------------------------
INSERT OR REPLACE INTO RequirementSetRequirements
		(RequirementSetId,										RequirementId)
VALUES	('JNR_PLAYER_IS_SUZERAIN_OR_HAS_ENORMOUS_INFLUENCE',	'REQUIRES_PLAYER_IS_SUZERAIN'				),
		('JNR_PLAYER_IS_SUZERAIN_OR_HAS_ENORMOUS_INFLUENCE',	'JNR_REQUIRES_PLAYER_HAS_ENORMOUS_INFLUENCE'),
		('JNR_BUILDING_IS_MILITARY_ACADEMY',					'JNR_REQUIRES_CITY_HAS_MILITARY_ACADEMY'	),
		('JNR_BUILDING_IS_POWER_PLANT',							'JNR_REQUIRES_CITY_HAS_POWER_PLANT'			);
--------------------------------------------------------------

-- Requirements
--------------------------------------------------------------
INSERT OR REPLACE INTO Requirements
		(														RequirementId,									RequirementType)
VALUES	(														'JNR_REQUIRES_PLAYER_HAS_ENORMOUS_INFLUENCE',	'REQUIREMENT_PLAYER_HAS_GIVEN_INFLUENCE_TOKENS'	),
		(														'JNR_REQUIRES_CITY_HAS_MILITARY_ACADEMY',		'REQUIREMENT_CITY_HAS_BUILDING'					),
		(														'JNR_REQUIRES_CITY_HAS_POWER_PLANT',			'REQUIREMENT_CITY_HAS_BUILDING'					);
--------------------------------------------------------------

-- RequirementArguments
--------------------------------------------------------------
INSERT OR REPLACE INTO RequirementArguments
		(														RequirementId,									Name,				Value)
VALUES	(														'JNR_REQUIRES_PLAYER_HAS_ENORMOUS_INFLUENCE',	'MinimumTokens',	9							),
		(														'JNR_REQUIRES_CITY_HAS_MILITARY_ACADEMY',		'BuildingType',		'BUILDING_MILITARY_ACADEMY'	),
		(														'JNR_REQUIRES_CITY_HAS_POWER_PLANT',			'BuildingType',		'BUILDING_POWER_PLANT'		);
--------------------------------------------------------------

-- ModifierStrings
--------------------------------------------------------------
INSERT OR REPLACE INTO ModifierStrings
		(ModifierId,														Context,	Text)
VALUES	('MINOR_CIV_SCIENTIFIC_UNIQUE_INFLUENCE_BONUS_JNR',					'Preview',	'LOC_MINOR_CIV_SCIENTIFIC_UNIQUE_INFLUENCE_BONUS_JNR'),
		('MINOR_CIV_TRADE_UNIQUE_INFLUENCE_BONUS_JNR',						'Preview',	'LOC_MINOR_CIV_TRADE_UNIQUE_INFLUENCE_BONUS_JNR'),
		('MINOR_CIV_CULTURAL_UNIQUE_INFLUENCE_BONUS_JNR',					'Preview',	'LOC_MINOR_CIV_CULTURAL_UNIQUE_INFLUENCE_BONUS_JNR'),
		('MINOR_CIV_MILITARISTIC_UNIQUE_INFLUENCE_BONUS_JNR',				'Preview',	'LOC_MINOR_CIV_MILITARISTIC_UNIQUE_INFLUENCE_BONUS_JNR'),
		('MINOR_CIV_INDUSTRIAL_UNIQUE_INFLUENCE_BONUS_BUILDING_JNR',		'Preview',	'LOC_MINOR_CIV_INDUSTRIAL_UNIQUE_INFLUENCE_BONUS_BUILDING_JNR'),
		('MINOR_CIV_INDUSTRIAL_UNIQUE_INFLUENCE_BONUS_DISTRICT_JNR',		'Preview',	'LOC_MINOR_CIV_INDUSTRIAL_UNIQUE_INFLUENCE_BONUS_DISTRICT_JNR'),
		-- Worship
		('MINOR_CIV_RELIGIOUS_UNIQUE_INFLUENCE_BONUS_CATHEDRAL_JNR',		'Preview',	'LOC_MINOR_CIV_RELIGIOUS_UNIQUE_INFLUENCE_BONUS_CATHEDRAL_JNR'),
		('MINOR_CIV_RELIGIOUS_UNIQUE_INFLUENCE_BONUS_DAR_E_MEHR_JNR',		'Preview',	'LOC_MINOR_CIV_RELIGIOUS_UNIQUE_INFLUENCE_BONUS_DAR_E_MEHR_JNR'),
		('MINOR_CIV_RELIGIOUS_UNIQUE_INFLUENCE_BONUS_GURDWARA_JNR',			'Preview',	'LOC_MINOR_CIV_RELIGIOUS_UNIQUE_INFLUENCE_BONUS_GURDWARA_JNR'),
		('MINOR_CIV_RELIGIOUS_UNIQUE_INFLUENCE_BONUS_MEETING_HOUSE_JNR',	'Preview',	'LOC_MINOR_CIV_RELIGIOUS_UNIQUE_INFLUENCE_BONUS_MEETING_HOUSE_JNR'),
		('MINOR_CIV_RELIGIOUS_UNIQUE_INFLUENCE_BONUS_MOSQUE_JNR',			'Preview',	'LOC_MINOR_CIV_RELIGIOUS_UNIQUE_INFLUENCE_BONUS_MOSQUE_JNR'),
		('MINOR_CIV_RELIGIOUS_UNIQUE_INFLUENCE_BONUS_PAGODA_JNR',			'Preview',	'LOC_MINOR_CIV_RELIGIOUS_UNIQUE_INFLUENCE_BONUS_PAGODA_JNR'),
		('MINOR_CIV_RELIGIOUS_UNIQUE_INFLUENCE_BONUS_STUPA_JNR',			'Preview',	'LOC_MINOR_CIV_RELIGIOUS_UNIQUE_INFLUENCE_BONUS_STUPA_JNR'),
		('MINOR_CIV_RELIGIOUS_UNIQUE_INFLUENCE_BONUS_SYNAGOGUE_JNR',		'Preview',	'LOC_MINOR_CIV_RELIGIOUS_UNIQUE_INFLUENCE_BONUS_SYNAGOGUE_JNR'),
		('MINOR_CIV_RELIGIOUS_UNIQUE_INFLUENCE_BONUS_WAT_JNR',				'Preview',	'LOC_MINOR_CIV_RELIGIOUS_UNIQUE_INFLUENCE_BONUS_WAT_JNR');
--------------------------------------------------------------